"","category","subcategory","ID","Description","GeneRatio","BgRatio","RichFactor","FoldEnrichment","zScore","pvalue","p.adjust","qvalue","geneID","Count"
"hsa04510","Cellular Processes","Cellular community - eukaryotes","hsa04510","Focal adhesion","94/1774","203/9521",0.463054187192118,2.4851966833462,10.235266158627,8.09135345360817e-20,2.80769964840203e-17,1.44792640748778e-17,"LAMA2/COL1A1/ITGA11/COL4A1/COL4A4/ROCK2/PIK3R1/PIK3R3/COL4A2/RAF1/ITGA10/VCL/EMP1/LAMC1/LAMB1/PPP1CB/CCND3/MYL12A/PPP1R12B/ZYX/ITGA2/HGF/PDGFC/JUN/ITGA8/VEGFA/COL4A5/EMP2/PPP1R12C/ROCK1/THBS1/RAC3/MYL12B/ACTN4/SHC3/MAPK10/PIK3CD/TLN1/COL4A3/ACTG1/IGF1R/LAMA3/PAK3/PDGFRA/ITGA7/TNC/PIK3CA/ITGA1/COL1A2/PTEN/COL6A6/CAV2/THBS2/PIP5K1A/CAV1/PARVA/COL6A3/TNXB/CCND2/ITGB1/RAC1/FLNA/LAMB3/VEGFC/ITGB8/MYL9/MAP2K1/PDGFRB/VEGFD/ITGA4/MET/LAMC2/SOS2/ELK1/PPP1R12A/RAP1B/COL9A2/VASP/ACTB/CRK/ITGA6/PPP1CA/MAPK3/HRAS/DIAPH1/IGF1/BCL2/ITGA3/TLN2/ACTN1/AKT3/FLNB/EGFR/PXN",94
"hsa04820","Cellular Processes","Cell motility","hsa04820","Cytoskeleton in muscle cells","99/1774","233/9521",0.424892703862661,2.28038524998669,9.46860552308118,1.42808477020819e-17,2.47772707631122e-15,1.2777600575547e-15,"SYNPO2/LAMA2/COL1A1/SUN2/COL11A1/DAAM2/PDLIM5/LMOD1/ITGA11/FBN2/COL4A1/SGCD/COL4A4/COL3A1/NID1/COL4A2/DMD/ITGA10/VCL/ELN/ATP1A2/TPM4/PLEC/ZYX/SDC1/ITGA2/ANK2/DAAM1/ITGA8/COL4A5/TPM2/THBS1/FHL1/SPTBN4/DTNA/TLN1/COL27A1/COL4A3/COL5A1/MYH10/ACTG1/SGCB/DIAPH2/SDC3/COL5A3/ITGA7/ATP1A1/ITGA1/COL1A2/COL6A6/FMNL2/ACTG2/THBS2/PDLIM1/COL6A3/MYOZ2/ITGB1/NID2/ATP1B1/BGN/TMEM43/ITGB8/MYL9/OBSCN/TPM3/ITGA4/COL5A2/SDC2/INF2/PDLIM7/CAPZB/MYH13/TPM1/VCAN/COL24A1/COL9A2/FMNL1/PKP2/ACTB/ITGA6/DAG1/DIAPH3/LMNB1/FMNL3/VIM/SDC4/DIAPH1/ANKRD1/SNTB1/FHL2/MYH9/NEBL/ITGA3/SPTAN1/TLN2/DSP/MYOM1/AMPD2/PDLIM4",99
"hsa05205","Human Diseases","Cancer: overview","hsa05205","Proteoglycans in cancer","83/1774","204/9521",0.406862745098039,2.18361905077702,8.17744226552787,1.19233049858881e-13,1.37912894336772e-11,7.11214683368762e-12,"WNT2/COL1A1/CDKN1A/FZD8/ROCK2/PIK3R1/PIK3R3/LUM/RAF1/FZD6/PPP1CB/STAT3/PPP1R12B/MYC/SDC1/ITGA2/ANK2/HGF/SMO/RRAS2/FZD4/VEGFA/PPP1R12C/MDM2/ROCK1/PDCD4/TGFB2/THBS1/FZD5/RRAS/PRKACB/PTPN11/PIK3CD/TWIST2/ACTG1/IGF1R/CASP3/TIMP3/HIF1A/CAMK2A/ITPR2/PIK3CA/MTOR/COL1A2/CAV2/HPSE/CAV1/ITGB1/RAC1/FLNA/TP53/PLAU/MAP2K1/MET/SDC2/MAPK11/SOS2/ELK1/PLCG2/PPP1R12A/ARHGEF12/GAB1/ITPR1/MAPK14/PLCE1/ESR1/WNT5A/FZD7/GPC1/ARHGEF1/ACTB/PPP1CA/MMP2/CBL/MAPK3/NRAS/SDC4/HRAS/IGF1/CAMK2D/AKT3/EGFR/PXN",83
"hsa04518","Environmental Information Processing","Signaling molecules and interaction","hsa04518","Integrin signaling","67/1774","154/9521",0.435064935064935,2.33497928227353,7.99214086905727,7.03322621527047e-13,5.96982897658461e-11,3.0786316578777e-11,"VCAM1/LAMA2/COL1A1/ITGA11/COL4A1/COL4A4/PIK3R1/PIK3R3/COL4A2/ITGA10/VCL/LAMC1/LAMB1/LIMS2/CCND3/ITGA2/HGF/PDGFC/ITGA8/VEGFA/COL4A5/THBS1/FERMT2/RAC3/ACTN4/PIK3CD/TLN1/COL4A3/ACTG1/IGF1R/LAMA3/PDGFRA/ITGA7/TNC/PIK3CA/MTOR/ITGA1/COL1A2/COL6A6/LIMS1/THBS2/PARVA/COL6A3/TNXB/CCND2/ITGB1/RAC1/FLNA/LAMB3/VEGFC/ITGB8/PDGFRB/VEGFD/ITGA4/MET/LAMC2/COL9A2/ACTB/ITGA6/IGF1/ITGA3/TLN2/ACTN1/AKT3/FLNB/EGFR/PXN",67
"hsa04810","Cellular Processes","Cell motility","hsa04810","Regulation of actin cytoskeleton","89/1774","232/9521",0.383620689655172,2.05887969910197,7.81330246834427,8.60205904407004e-13,5.96982897658461e-11,3.0786316578777e-11,"CXCL12/ITGA11/ROCK2/PIK3R1/PIK3R3/RAF1/ITGA10/VCL/ARPC5/PPP1CB/MYL12A/C7/PPP1R12B/BDKRB2/ITGA2/SSH2/BDKRB1/PDGFC/RRAS2/ITGA8/CYFIP2/PPP1R12C/ROCK1/CYRIA/RRAS/FGF10/RAC3/MYL12B/CHRM2/ACTN4/ACTR3/PIK3CD/MYH10/ACTG1/GSN/DIAPH2/WASF1/PAK3/LPAR1/PDGFRA/ITGA7/PIK3CA/ITGA1/FGFR2/RGCC/PIP5K1A/GIT1/ITGB1/RAC1/ARPC4/SPATA13/ITGB8/MYL9/MAP2K1/FGF1/GNA12/C6/PDGFRB/FGFR4/CFL1/ITGA4/SOS2/PPP1R12A/ARHGEF12/PFN2/ARHGEF1/FGF22/ACTB/CRK/ITGA6/DIAPH3/ACTR2/PPP1CA/MAPK3/ARPC3/NRAS/HRAS/WASL/DIAPH1/LIMK1/MYH9/FGD1/ITGA3/ACTN1/NCKAP1/AKT3/WASF2/EGFR/PXN",89
"hsa05165","Human Diseases","Infectious disease: viral","hsa05165","Human papillomavirus infection","115/1774","333/9521",0.345345345345345,1.85345717758345,7.58615763192189,1.71186319532144e-12,9.90027547960897e-11,5.10555689832709e-11,"WNT2/LAMA2/COL1A1/CDKN1A/FOXO1/ITGA11/CREB5/FZD8/COL4A1/COL4A4/PIK3R1/RHEB/PIK3R3/CREB3L1/COL4A2/RAF1/FZD6/ITGA10/CDK6/LAMC1/LAMB1/CDK4/CCND3/ITGA2/RBPJ/AXIN2/FZD4/ITGA8/VEGFA/COL4A5/MDM2/THBS1/FZD5/PRKACB/NOTCH3/PIK3CD/COL4A3/CHD4/NOTCH1/PPP2CB/CASP3/CREB3L2/LAMA3/PSEN1/ITGA7/DLG3/TNC/CCNA2/PIK3CA/MTOR/JAG1/ITGA1/COL1A2/PTEN/COL6A6/LFNG/THBS2/MX1/COL6A3/LLGL1/TNXB/CCND2/ITGB1/TP53/LAMB3/ATP6V0D1/ITGB8/MAP2K1/TRAF3/PKM/ATP6V0A2/PDGFRB/NFX1/TLR3/ITGA4/PTGS2/ATP6V1E1/LAMC2/SOS2/HLA-A/RBL2/PARD6G/HLA-E/RB1/ATP6V0B/STAT1/WNT5A/FZD7/COL9A2/DVL2/TCIRG1/MAGI1/ITGA6/TCF7L1/ATP6V0A1/IRF1/MAPK3/NRAS/HRAS/HLA-B/CHUK/HDAC2/BCAP31/CREB1/IKBKB/ITGA3/ATP6V0E1/RELA/AKT3/PPP2R3A/EGFR/PXN/TICAM1/TADA3/ATP6V1A",115
"hsa04933","Human Diseases","Endocrine and metabolic disease","hsa04933","AGE-RAGE signaling pathway in diabetic complications","48/1774","101/9521",0.475247524752475,2.55063792737786,7.49676921918278,2.95470666532901e-11,1.46469030409881e-09,7.55338546023958e-10,"VCAM1/COL1A1/FOXO1/TGFBR2/COL4A1/COL4A4/PIK3R1/COL3A1/PIK3R3/PRKCE/COL4A2/CDK4/STAT3/JUN/VEGFA/COL4A5/TGFB2/AGT/STAT5A/PIM1/MAPK10/PIK3CD/COL4A3/STAT5B/PLCB1/CASP3/SMAD3/PIK3CA/JAK2/COL1A2/RAC1/PLCB4/F3/VEGFC/VEGFD/MAPK11/PLCG2/MAPK14/STAT1/PLCE1/MMP2/MAPK3/NRAS/HRAS/DIAPH1/BCL2/RELA/AKT3",48
"hsa04218","Cellular Processes","Cell growth and death","hsa04218","Cellular senescence","64/1774","157/9521",0.407643312101911,2.18780832836657,7.18114992229721,7.21272777321534e-11,3.12852067163215e-09,1.61337331769291e-09,"CDKN1A/FOXO1/TGFBR2/FOXO3/PIK3R1/RHEB/PIK3R3/RAF1/RAD1/CDKN2B/GADD45B/CDK6/PPP1CB/CDK4/CCND3/SQSTM1/MYC/ZFP36L2/RRAS2/HIPK2/MDM2/TGFB2/RRAS/ZFP36L1/PIK3CD/VDAC2/MAP2K3/SMAD3/CCNA2/ITPR2/PIK3CA/MTOR/CALM1/PTEN/SLC25A4/NFATC4/HIPK3/LIN52/CCND2/TP53/MAP2K1/FOXM1/MAPK11/HLA-A/RBL2/ITPR1/HLA-E/RB1/MAPK14/NBN/MAPKAPK2/TRPV4/CDKN2A/CAPN1/PPP1CA/MAPK3/NRAS/HRAS/HLA-B/GADD45G/RELA/E2F4/MAP2K6/AKT3",64
"hsa05220","Human Diseases","Cancer: specific types","hsa05220","Chronic myeloid leukemia","39/1774","77/9521",0.506493506493506,2.71833408981098,7.24441770727169,1.93215442396625e-10,7.44952872351433e-09,3.84171055057618e-09,"CDKN1A/TGFBR2/PIK3R1/PIK3R3/RAF1/GADD45B/CDK6/CDK4/MYC/MDM2/TGFB2/STAT5A/PTPN11/SHC3/PIK3CD/RUNX1/STAT5B/SMAD3/PIK3CA/NFKBIA/TP53/MAP2K1/SOS2/RB1/CRK/GAB2/CTBP1/CDKN2A/CBL/DDB2/MAPK3/NRAS/HRAS/CHUK/GADD45G/HDAC2/IKBKB/RELA/AKT3",39
"hsa04015","Environmental Information Processing","Signal transduction","hsa04015","Rap1 signaling pathway","76/1774","212/9521",0.358490566037736,1.92400714726341,6.5105885457838,1.63924198111783e-09,5.68816967447887e-08,2.93338038726349e-08,"ADCY1/PIK3R1/SIPA1L2/PIK3R3/RAF1/RASGRP2/RAPGEF5/HGF/PDGFC/VEGFA/PRKD1/ADCY4/THBS1/RRAS/FGF10/RAC3/PIK3CD/TLN1/PLCB1/ADCY8/SIPA1L1/ACTG1/ANGPT1/IGF1R/MAP2K3/FARP2/LPAR1/PDGFRA/PIK3CA/CALM1/RALA/FGFR2/ADCY3/SIPA1/ITGB1/RAC1/PLCB4/ARAP3/GNAI1/VEGFC/EVL/MAP2K1/FGF1/PDGFRB/FGFR4/NGF/VEGFD/MET/MAPK11/GRIN2A/RAP1B/CSF1/RAPGEF4/RALGDS/PFN2/PARD6G/INSR/MAPK14/PLCE1/EFNA4/FGF22/MAGI1/VASP/ACTB/CRK/RALB/MAPK3/NRAS/GNAQ/HRAS/IGF1/MAGI3/TLN2/MAP2K6/AKT3/EGFR",76
"hsa04360","Organismal Systems","Development and regeneration","hsa04360","Axon guidance","68/1774","184/9521",0.369565217391304,1.98344443899809,6.44590001875987,2.79989202410892e-09,8.25697861390469e-08,4.25811122209555e-08,"CXCL12/PLXNA4/TRPC6/EPHB2/ABLIM1/EPHB6/ROCK2/PIK3R1/PIK3R3/SEMA3A/RAF1/EPHB3/EPHB4/ROBO1/PLXNB1/MYL12A/BOC/SSH2/SMO/UNC5B/SEMA3B/ROCK1/GDF7/NTN1/SEMA6D/RRAS/NTN4/PTPN11/RAC3/MYL12B/PIK3CD/PAK3/CAMK2A/PIK3CA/NFATC4/EFNB1/SEMA6C/ITGB1/EPHA4/RAC1/ROBO3/GNAI1/MYL9/CFL1/MET/SEMA5A/PLCG2/ARHGEF12/PARD6G/EPHA5/LRRC4/EFNA4/WNT5A/SEMA3D/SEMA4C/SRGAP3/BMPR1B/MAPK3/NRAS/HRAS/SLIT2/LIMK1/PLXNB2/PLXNA2/CAMK2D/NEO1/NTNG1/RND1",68
"hsa04151","Environmental Information Processing","Signal transduction","hsa04151","PI3K-Akt signaling pathway","113/1774","362/9521",0.312154696132597,1.6753240484095,6.26860601414191,2.93641514571079e-09,8.25697861390469e-08,4.25811122209555e-08,"LAMA2/COL1A1/CDKN1A/ITGA11/CREB5/COL4A1/PRKAA1/FOXO3/COL4A4/PIK3R1/RHEB/PIK3R3/CREB3L1/COL4A2/RAF1/ITGA10/GDNF/CDK6/LAMC1/LAMB1/CDK4/IRS1/GNB4/CCND3/MYC/ITGA2/HGF/BRCA1/PDGFC/ITGA8/GNG2/VEGFA/COL4A5/MDM2/THBS1/FGF10/CHRM2/MCL1/PIK3CD/COL4A3/NR4A1/IL6R/ANGPT1/PPP2CB/IGF1R/CREB3L2/LAMA3/HSP90AA1/LPAR1/PDGFRA/ITGA7/HSP90AB1/TNC/PIK3CA/MTOR/ITGA1/JAK2/COL1A2/PTEN/OSMR/COL6A6/FGFR2/THBS2/SGK1/COL6A3/TNXB/CCND2/ITGB1/RAC1/GNB2/TP53/LAMB3/VEGFC/ITGB8/MAP2K1/FGF1/PDGFRB/FGFR4/NGF/VEGFD/ITGA4/MET/LAMC2/SOS2/CSF1/RBL2/INSR/EFNA4/DDIT4/GNG5/COL9A2/FGF22/MAGI1/ITGA6/MAPK3/NRAS/SGK3/HRAS/CHUK/BCL2L11/IGF1/ATF4/CREB1/BCL2/IKBKB/ITGA3/RELA/THEM4/GNG11/AKT3/PPP2R3A/EGFR/EIF4E2",113
"hsa04926","Organismal Systems","Endocrine system","hsa04926","Relaxin signaling pathway","53/1774","130/9521",0.407692307692308,2.18807128609834,6.52659643799816,3.09339256428706e-09,8.25697861390469e-08,4.25811122209555e-08,"COL1A1/TGFBR2/CREB5/COL4A1/ADCY1/COL4A4/PIK3R1/COL3A1/ACTA2/PIK3R3/CREB3L1/COL4A2/RAF1/GNB4/JUN/GNG2/VEGFA/COL4A5/ADCY4/PRKACB/SHC3/MAPK10/PIK3CD/COL4A3/PLCB1/ADCY8/CREB3L2/PIK3CA/COL1A2/NFKBIA/ADCY3/GNB2/PLCB4/GNAI1/VEGFC/RXFP1/MAP2K1/VEGFD/MAPK11/EDNRB/SOS2/MAPK14/GNG5/MMP2/MAPK3/NRAS/HRAS/ATF4/CREB1/RELA/GNG11/AKT3/EGFR",53
"hsa04722","Organismal Systems","Nervous system","hsa04722","Neurotrophin signaling pathway","50/1774","120/9521",0.416666666666667,2.23623637730177,6.52129159123824,3.58786597205671e-09,8.61535547759326e-08,4.44292562169226e-08,"SORT1/FOXO3/RPS6KA2/PIK3R1/RPS6KA5/PIK3R3/RAF1/MAGED1/IRS1/MAP3K5/MAPK7/JUN/IRAK3/PTPN11/SHC3/MAPK10/PIK3CD/CAMK4/CAMK2A/PSEN1/PIK3CA/BEX3/ARHGDIA/CALM1/NFKBIA/RAC1/TP53/MAP2K1/NGF/MAPK11/SOS2/IRAK2/PLCG2/RAP1B/GAB1/MAPK14/MAP3K3/MAPKAPK2/CRK/MAPK3/NRAS/HRAS/ATF4/BCL2/IKBKB/NFKBIB/CAMK2D/RELA/ZNF274/AKT3",50
"hsa05212","Human Diseases","Cancer: specific types","hsa05212","Pancreatic cancer","37/1774","77/9521",0.480519480519481,2.57893234161554,6.65670633086366,3.72421706524204e-09,8.61535547759326e-08,4.44292562169226e-08,"CDKN1A/TGFBR2/PIK3R1/PIK3R3/RAF1/GADD45B/CDK6/CDK4/STAT3/VEGFA/TGFB2/RALBP1/RAC3/MAPK10/PIK3CD/SMAD3/PIK3CA/MTOR/RALA/RAC1/TP53/MAP2K1/RALGDS/RB1/PLD1/STAT1/CDKN2A/RAD51/RALB/DDB2/MAPK3/CHUK/GADD45G/IKBKB/RELA/AKT3/EGFR",37
"hsa04611","Organismal Systems","Immune system","hsa04611","Platelet activation","51/1774","126/9521",0.404761904761905,2.17234390937886,6.33899509620419,8.20448485441143e-09,1.77934765280048e-07,9.17606858717068e-08,"COL1A1/ADCY1/ROCK2/PIK3R1/COL3A1/PIK3R3/PLA2G4A/PRKG2/PPP1CB/RASGRP2/MYL12A/ITGA2/ROCK1/ADCY4/PRKACB/MYL12B/PIK3CD/TLN1/PLCB1/ADCY8/PRKG1/ACTG1/PLA2G4C/ITPR2/PIK3CA/COL1A2/ADCY3/STIM1/ITGB1/PLCB4/PTGS1/GNAI1/GUCY1A2/MAPK11/PLCG2/PPP1R12A/RAP1B/ARHGEF12/ITPR1/MAPK14/ARHGEF1/VASP/ACTB/PPP1CA/MAPK3/GNAQ/FCGR2A/TLN2/TBXA2R/GUCY1A1/AKT3",51
"hsa04022","Environmental Information Processing","Signal transduction","hsa04022","cGMP-PKG signaling pathway","62/1774","166/9521",0.373493975903614,2.00452995748496,6.24774858807915,8.76292829990963e-09,1.78866830592273e-07,9.22413505253645e-08,"IRS2/TRPC6/PDE5A/CREB5/ADCY1/ROCK2/PRKCE/CREB3L1/RAF1/ATP2A2/ADRA1B/PRKG2/PPP1CB/IRS1/ATP1A2/BDKRB2/SRF/ROCK1/ADCY4/SLC8A1/MEF2A/PLCB1/VDAC2/ADCY8/PRKG1/CREB3L2/ADRA2A/ATP1A1/ITPR2/CALM1/SLC25A4/NFATC4/CACNA1C/ADCY3/PLCB4/ATP1B1/GNAI1/ADORA1/GUCY1A2/MYL9/MAP2K1/GNA12/KCNJ8/KCNMA1/EDNRB/PPP1R12A/ITPR1/MEF2D/INSR/NPR1/EDNRA/ATP2B1/VASP/PPP1CA/MAPK3/GNAQ/ATF4/MEF2C/CREB1/GUCY1A1/AKT3/PPIF",62
"hsa05222","Human Diseases","Cancer: specific types","hsa05222","Small cell lung cancer","41/1774","93/9521",0.440860215053763,2.36608236049993,6.33486077919752,1.30332315260726e-08,2.51251741085955e-07,1.29570137978499e-07,"LAMA2/CDKN1A/COL4A1/COL4A4/PIK3R1/PIK3R3/COL4A2/CDKN2B/GADD45B/CDK6/LAMC1/LAMB1/CDK4/MYC/ITGA2/SKP2/COL4A5/PIK3CD/COL4A3/CASP3/LAMA3/PIK3CA/PTEN/NFKBIA/ITGB1/TP53/LAMB3/TRAF3/PTGS2/LAMC2/RB1/TRAF4/ITGA6/DDB2/CHUK/GADD45G/BCL2/IKBKB/ITGA3/RELA/AKT3",41
"hsa04211","Organismal Systems","Aging","hsa04211","Longevity regulating pathway","40/1774","90/9521",0.444444444444444,2.38531880245522,6.31859639019622,1.47762936187443e-08,2.69861783458119e-07,1.39167308320583e-07,"FOXO1/IRS2/PRKAG2/CREB5/ADCY1/PRKAA1/FOXO3/PIK3R1/RHEB/PIK3R3/CREB3L1/IRS1/SESN2/ADCY4/PPARG/PRKACB/CAT/PIK3CD/ADCY8/IGF1R/CAMK4/CREB3L2/EHMT2/SESN3/PIK3CA/MTOR/ADCY3/TP53/ADIPOR1/INSR/CAMKK2/NRAS/HRAS/IGF1/ATF4/CREB1/RELA/AKT3/ADIPOR2/EIF4E2",40
"hsa04010","Environmental Information Processing","Signal transduction","hsa04010","MAPK signaling pathway","95/1774","300/9521",0.316666666666667,1.69953964674934,5.89131783830869,2.52556815395176e-08,4.3818607471063e-07,2.25971887458841e-07,"CACNB2/DUSP1/TGFBR2/RPS6KA2/RPS6KA5/PLA2G4A/DUSP10/MAP3K8/RAF1/GDNF/GADD45B/DUSP5/MAP4K3/RASGRP2/MAP3K5/MYC/HGF/MAPK7/PDGFC/RRAS2/JUN/SRF/VEGFA/TGFB2/DDIT3/PPM1B/RRAS/FGF10/PRKACB/RAC3/MAPK10/DUSP3/NR4A1/ANGPT1/PLA2G4C/IGF1R/CASP3/RASGRF2/PPP5C/MAP2K3/CACNA1G/HSPB1/PDGFRA/MAP3K4/CACNA2D3/FGFR2/CACNA1C/MAPK8IP1/HSPA6/RAC1/FLNA/TP53/VEGFC/MAP2K1/FGF1/GNA12/PDGFRB/FGFR4/NGF/VEGFD/MET/MAPK11/SOS2/ELK1/RAP1B/CSF1/TAOK3/MAP3K14/INSR/MAPK14/CDC25B/EFNA4/MAP3K3/FGF22/MAPKAPK2/CRK/MAP3K6/HSPA8/MAPK3/NRAS/DUSP8/HRAS/CHUK/GADD45G/IGF1/ATF4/MEF2C/IKBKB/RELA/MAPT/MAP2K6/AKT3/EGFR/JUND/MAPK8IP3",95
"hsa01522","Human Diseases","Drug resistance: antineoplastic","hsa01522","Endocrine resistance","42/1774","99/9521",0.424242424242424,2.27689522052543,6.11124665684123,3.40860573311866e-08,5.60636553377787e-07,2.89119411722202e-07,"CDKN1A/ADCY1/PIK3R1/NCOA3/PIK3R3/RAF1/CDK4/JUN/MDM2/ADCY4/PRKACB/NOTCH3/SHC3/MAPK10/PIK3CD/ADCY8/NOTCH1/IGF1R/PIK3CA/MTOR/JAG1/ADCY3/TP53/MAP2K1/MAPK11/SOS2/GPER1/RB1/MAPK14/ESR1/CDKN2A/MMP2/MAPK3/NRAS/DLL4/HRAS/JAG2/IGF1/DLL1/BCL2/AKT3/EGFR",42
"hsa04072","Environmental Information Processing","Signal transduction","hsa04072","Phospholipase D signaling pathway","56/1774","149/9521",0.375838926174497,2.01711522892186,5.98791539037251,3.55446806176119e-08,5.60636553377787e-07,2.89119411722202e-07,"DNM1/PLPP3/CYTH3/ADCY1/PIK3R1/RHEB/PIK3R3/PLA2G4A/RAF1/DGKH/PDGFC/RRAS2/ADCY4/AGT/RRAS/PTPN11/AGPAT2/PLPP1/SHC3/PIK3CD/PLCB1/ADCY8/PLA2G4C/PTK2B/LPAR1/PTGFR/PDGFRA/PIK3CA/MTOR/RALA/PIP5K1A/ADCY3/PLCB4/MAP2K1/GNA12/PDGFRB/ARF1/DNM3/SOS2/PLCG2/RAPGEF4/RALGDS/GAB1/INSR/PLD1/DGKB/ARF6/GAB2/RALB/MAPK3/NRAS/HRAS/AGPAT5/AKT3/SPHK1/EGFR",56
"hsa05214","Human Diseases","Cancer: specific types","hsa05214","Glioma","35/1774","76/9521",0.460526315789474,2.47162968017564,6.16357744403778,3.88071686123648e-08,5.85482065586547e-07,3.01932204306728e-07,"CDKN1A/PIK3R1/PIK3R3/RAF1/GADD45B/CDK6/CDK4/MDM2/SHC3/PIK3CD/CAMK1D/IGF1R/CAMK4/CAMK2A/PDGFRA/PIK3CA/MTOR/CALM1/PTEN/TP53/MAP2K1/PDGFRB/SOS2/PLCG2/RB1/CDKN2A/DDB2/MAPK3/NRAS/HRAS/GADD45G/IGF1/CAMK2D/AKT3/EGFR",35
"hsa05163","Human Diseases","Infectious disease: viral","hsa05163","Human cytomegalovirus infection","76/1774","227/9521",0.334801762114537,1.79687011110063,5.81470432765064,4.9642831360462e-08,7.17752603420013e-07,3.70143918038532e-07,"CXCL12/CDKN1A/CREB5/ADCY1/ROCK2/PIK3R1/RHEB/PIK3R3/CREB3L1/RAF1/CDK6/CDK4/GNB4/STAT3/MYC/GNG2/VEGFA/MDM2/ROCK1/ADCY4/PRKACB/RAC3/PIK3CD/PLCB1/ADCY8/IL6R/CASP3/PTK2B/CREB3L2/AKAP13/PDGFRA/ITPR2/PIK3CA/MTOR/CALM1/NFATC4/NFKBIA/ADCY3/RAC1/GNB2/TP53/PLCB4/GNAI1/MAP2K1/STING1/GNA12/PTGS2/MAPK11/SOS2/ELK1/HLA-A/ARHGEF12/ITPR1/HLA-E/RB1/MAPK14/GNG5/ARHGEF1/CRK/CDKN2A/MAPK3/NRAS/GNAQ/HRAS/HLA-B/CHUK/ATF4/CREB1/IKBKB/RELA/MAP2K6/GNG11/AKT3/EGFR/CCR1/PXN",76
"hsa04068","Environmental Information Processing","Signal transduction","hsa04068","FoxO signaling pathway","51/1774","133/9521",0.383458646616541,2.05801001941155,5.87973244998132,6.79267104605358e-08,9.42822741192237e-07,4.86212243296467e-07,"CDKN1A/FOXO1/IRS2/TGFBR2/PRKAG2/DEPP1/PRKAA1/FOXO3/PIK3R1/PIK3R3/S1PR1/RAF1/PLK2/CDKN2B/GADD45B/IRS1/STAT3/SKP2/BCL6/MDM2/TGFB2/TNFSF10/CAT/MAPK10/PIK3CD/IGF1R/GABARAPL1/SMAD3/PIK3CA/PTEN/SGK1/CCND2/MAP2K1/GABARAPL2/FBXO32/MAPK11/SOS2/RBL2/INSR/MAPK14/MAPK3/NRAS/SGK3/HRAS/CHUK/BCL2L11/GADD45G/IGF1/IKBKB/AKT3/EGFR",51
"hsa05131","Human Diseases","Infectious disease: bacterial","hsa05131","Shigellosis","82/1774","253/9521",0.324110671936759,1.73949137965608,5.70464820857672,7.50067320562848e-08,1.00105138552042e-06,5.1624066597443e-07,"FOXO1/CYTH3/ARHGEF2/FOXO3/CALCOCO2/ROCK2/PIK3R1/RPS6KA5/PIK3R3/PRKCE/MAP1LC3C/FNBP1/VCL/ARPC5/SQSTM1/MYL12A/WIPI1/JUN/MDM2/ROCK1/MYL12B/ACTN4/ACTR3/TNIP1/MAPK10/PIK3CD/TLN1/PLCB1/SEPTIN9/ACTG1/MAP1LC3A/WASF1/ITPR2/PIK3CA/MTOR/CASP1/UBB/NFKBIA/SEPTIN8/ITGB1/RAC1/ARPC4/TP53/PLCB4/MALT1/MYL9/STING1/ARF1/MAPK11/PLCG2/PFN2/WIPI2/ITPR1/MAPK14/PLCE1/ARF6/FNBP1L/ACTB/CRK/SEPTIN7/ELMO1/ACTR2/CAPN1/UBE2N/CUL1/MAPK3/ARPC3/PIK3C3/CHUK/WASL/DIAPH1/BCL2/IKBKB/ATG16L1/NFKBIB/TLN2/RELA/ACTN1/AKT3/WASF2/EGFR/PXN",82
"hsa04014","Environmental Information Processing","Signal transduction","hsa04014","Ras signaling pathway","78/1774","238/9521",0.327731092436975,1.75892205811299,5.67374722137251,9.25083765153225e-08,1.18890395003026e-06,6.13115945715588e-07,"PIK3R1/PIK3R3/PLA2G4A/RAF1/RGL1/GNB4/RASGRP2/RAPGEF5/HGF/PDGFC/RRAS2/GNG2/VEGFA/RRAS/RALBP1/FGF10/PRKACB/PTPN11/RAC3/SHC3/MAPK10/PIK3CD/ANGPT1/PLA2G4C/IGF1R/RASGRF2/PAK3/PDGFRA/PIK3CA/CALM1/RALA/FGFR2/ABL2/RASAL2/RASSF1/RAC1/PLA2G2A/GNB2/VEGFC/MAP2K1/FGF1/PDGFRB/FGFR4/NGF/VEGFD/MET/GRIN2A/SOS2/ELK1/PLCG2/RAP1B/CSF1/RALGDS/GAB1/INSR/PLD1/PLCE1/EFNA4/GNG5/ARF6/RIN1/FGF22/GAB2/KSR1/RALB/MAPK3/NRAS/HRAS/CHUK/IGF1/IKBKB/RELA/PLAAT3/GNG11/AKT3/EGFR/SHOC2/RAB5C",78
"hsa04921","Organismal Systems","Endocrine system","hsa04921","Oxytocin signaling pathway","56/1774","155/9521",0.361290322580645,1.93903334909263,5.64024919889697,1.70467628360667e-07,2.11258096575541e-06,1.08945476771855e-06,"CACNB2/CDKN1A/PRKAG2/OXTR/ADCY1/PRKAA1/ROCK2/PLA2G4A/RAF1/PPP1CB/PPP1R12B/MYL6/MAPK7/JUN/PPP1R12C/ROCK1/ADCY4/PRKACB/CAMK1D/PLCB1/ADCY8/ACTG1/PLA2G4C/CAMK4/CAMK2A/ITPR2/CALM1/CACNA2D3/NFATC4/CACNA1C/ADCY3/PLCB4/GNAI1/GUCY1A2/MYL9/MAP2K1/MYL6B/PTGS2/EEF2K/ELK1/PPP1R12A/ITPR1/NPR1/RCAN1/KCNJ12/ACTB/CAMKK2/PPP1CA/MAPK3/NRAS/GNAQ/HRAS/MEF2C/CAMK2D/GUCY1A1/EGFR",56
"hsa01521","Human Diseases","Drug resistance: antineoplastic","hsa01521","EGFR tyrosine kinase inhibitor resistance","35/1774","80/9521",0.4375,2.34804819616685,5.79388563231394,1.88667617384337e-07,2.25750562870224e-06,1.16419219438611e-06,"FOXO3/PIK3R1/PIK3R3/RAF1/STAT3/HGF/PDGFC/VEGFA/SHC3/PIK3CD/IL6R/IGF1R/NRG1/PDGFRA/PIK3CA/MTOR/JAK2/PTEN/FGFR2/MAP2K1/PDGFRB/MET/SOS2/PLCG2/GAS6/GAB1/MAPK3/NRAS/HRAS/BCL2L11/IGF1/BCL2/AKT3/EGFR/EIF4E2",35
"hsa05210","Human Diseases","Cancer: specific types","hsa05210","Colorectal cancer","37/1774","87/9521",0.425287356321839,2.28250333683215,5.75040850880097,2.05323759028615e-07,2.37491147943098e-06,1.22473821174963e-06,"CDKN1A/TGFBR2/PIK3R1/PIK3R3/RAF1/GADD45B/MYC/AXIN2/JUN/TGFB2/RAC3/BBC3/MAPK10/PIK3CD/CASP3/SMAD3/PIK3CA/MTOR/RALA/RAC1/TP53/MAP2K1/SOS2/RALGDS/MSH2/MLH1/TCF7L1/RALB/DDB2/MAPK3/NRAS/HRAS/BCL2L11/GADD45G/BCL2/AKT3/EGFR",37
"hsa04270","Organismal Systems","Circulatory system","hsa04270","Vascular smooth muscle contraction","50/1774","134/9521",0.373134328358209,2.00259974086725,5.59300338581032,2.47521054608676e-07,2.77063890158744e-06,1.42881423712988e-06,"PPP1R14A/ADCY1/ROCK2/ACTA2/PLA2G4A/PRKCE/RAF1/ADRA1B/ADM2/PPP1CB/CALD1/PPP1R12B/MYL6/PPP1R12C/ROCK1/ADCY4/AGT/PRKACB/PLCB1/ADCY8/PRKG1/MYH10/PLA2G4C/ADM/ITPR2/CALM1/ACTG2/CACNA1C/ADCY3/PLA2G2A/PLCB4/GUCY1A2/MYL9/PRKCH/MAP2K1/GNA12/KCNMA1/MYL6B/RAMP3/PPP1R12A/ARHGEF12/ITPR1/NPR1/EDNRA/ARHGEF1/PPP1CA/MAPK3/GNAQ/MYH9/GUCY1A1",50
"hsa04144","Cellular Processes","Transport and catabolism","hsa04144","Endocytosis","80/1774","252/9521",0.317460317460317,1.70379914461087,5.41827530470014,2.87712306223564e-07,3.11988032061178e-06,1.60891750190809e-06,"DNM1/RAB11FIP1/TGFBR2/CYTH3/ARPC5/KIF5B/RAB31/NEDD4L/MDM2/DNAJC6/AMPH/ACTR3/RAB11FIP4/RAB11FIP3/IGF1R/PSD3/VPS37A/SMAD3/GIT2/PDGFRA/CAV2/FGFR2/RNF41/PIP5K1A/CAV1/VPS4A/HSPA6/GIT1/ARPC4/BIN1/ARAP3/ARF5/SH3GL3/RAB35/TSG101/SH3GLB1/SPART/ACAP3/SNX2/ASAP1/FGFR4/VPS4B/CLTCL1/ARF1/GRK5/DNM3/CAPZB/HLA-A/EHD1/WASHC4/SNX5/PARD6G/HLA-E/CLTB/ARFGEF2/PLD1/LDLR/ARF6/FOLR3/CBLB/ACTR2/EPN2/EHD3/CBL/HSPA8/ARPC3/HRAS/HLA-B/WASL/AP2A1/VPS36/VPS37D/ARF3/EEA1/ITCH/EGFR/AGAP9/EHD4/RAB5C/VPS35",80
"hsa05215","Human Diseases","Cancer: specific types","hsa05215","Prostate cancer","42/1774","106/9521",0.39622641509434,2.1265342153964,5.58104675967032,3.39618230108157e-07,3.57113714689486e-06,1.8416299559294e-06,"CDKN1A/FOXO1/CREB5/PIK3R1/PIK3R3/CREB3L1/RAF1/PDGFC/MDM2/PIK3CD/IGF1R/CREB3L2/HSP90AA1/PDGFRA/ETV5/HSP90AB1/PIK3CA/MTOR/ZEB1/PTEN/FGFR2/NFKBIA/TP53/PLAU/MAP2K1/PDGFRB/SOS2/RB1/FOLR3/TCF7L1/MAPK3/NRAS/HRAS/CHUK/IGF1/ATF4/CREB1/BCL2/IKBKB/RELA/AKT3/EGFR",42
"hsa04912","Organismal Systems","Endocrine system","hsa04912","GnRH signaling pathway","38/1774","93/9521",0.408602150537634,2.19295438290238,5.5320236540163,4.87215018643558e-07,4.9724591608622e-06,2.5642895718082e-06,"ADCY1/PLA2G4A/RAF1/MAPK7/JUN/ADCY4/PRKACB/MAPK10/PLCB1/ADCY8/PLA2G4C/PTK2B/MAP2K3/CAMK2A/ITPR2/MAP3K4/CALM1/CACNA1C/ADCY3/PLCB4/MAP2K1/MAPK11/SOS2/ELK1/ITPR1/MAPK14/PLD1/MAP3K3/MMP2/MAPK3/NRAS/GNAQ/HRAS/ATF4/GNRH1/CAMK2D/MAP2K6/EGFR",38
"hsa05132","Human Diseases","Infectious disease: bacterial","hsa05132","Salmonella infection","79/1774","251/9521",0.314741035856574,1.68920484914906,5.29509580224699,5.05115541687723e-07,5.00785979901829e-06,2.58254562667407e-06,"CYTH3/WASF3/TUBA4A/ROCK2/TUBA1A/ANXA2/RHOJ/RAF1/TUBB/ARPC5/RHOB/KIF5B/MYL12A/MYC/JUN/CYFIP2/TNFSF10/FHOD1/RRAS/MYL12B/ACTR3/MAPK10/PIK3CD/TUBA1C/ACTG1/CASP3/MAP2K3/HSP90AA1/PAK3/HSP90AB1/PIK3CA/RALA/CASP1/NFKBIA/VPS18/SNX9/TUBA1B/RAC1/FLNA/ARPC4/PIK3C2A/EXOC7/MYL9/FBXO22/MAP2K1/ARF1/MAPK11/PFN2/AHNAK2/MAPK14/TNFRSF10B/ARF6/AHNAK/ARL8A/FYCO1/SNX33/ACTB/ELMO1/ACTR2/RILP/TCF7L1/ARL8B/MAPK3/LY96/ARPC3/HRAS/PIK3C3/CHUK/WASL/BCL2/IKBKB/RELA/NCKAP1/VPS11/MAP2K6/AKT3/RAB5C/KPNA3/DCTN6",79
"hsa04935","Organismal Systems","Endocrine system","hsa04935","Growth hormone synthesis, secretion and action","46/1774","122/9521",0.377049180327869,2.02361062339439,5.44505635547197,5.24457338113628e-07,5.05518600903969e-06,2.60695168068177e-06,"IRS2/CREB5/ADCY1/PIK3R1/PIK3R3/CREB3L1/RAF1/IRS1/STAT3/SOCS1/ADCY4/STAT5A/PRKACB/SHC3/MAPK10/PIK3CD/STAT5B/PLCB1/ADCY8/CREB3L2/MAP2K3/ITPR2/PIK3CA/MTOR/JAK2/CACNA1C/ADCY3/PLCB4/GNAI1/MAP2K1/MAPK11/SOS2/PLCG2/ITPR1/MAPK14/STAT1/CRK/MAPK3/NRAS/GNAQ/HRAS/IGF1/ATF4/CREB1/MAP2K6/AKT3",46
"hsa05218","Human Diseases","Cancer: specific types","hsa05218","Melanoma","32/1774","73/9521",0.438356164383562,2.35264320242158,5.55140926737358,5.95288446415254e-07,5.58284029475928e-06,2.8790621874991e-06,"CDKN1A/PIK3R1/PIK3R3/RAF1/GADD45B/CDK6/CDK4/HGF/PDGFC/MDM2/FGF10/PIK3CD/IGF1R/PDGFRA/PIK3CA/PTEN/TP53/MAP2K1/FGF1/PDGFRB/MET/RB1/FGF22/CDKN2A/DDB2/MAPK3/NRAS/HRAS/GADD45G/IGF1/AKT3/EGFR",32
"hsa04668","Environmental Information Processing","Signal transduction","hsa04668","TNF signaling pathway","45/1774","119/9521",0.378151260504202,2.02952545166883,5.40790369288934,6.31887788327312e-07,5.77013322498887e-06,2.97564886469925e-06,"VCAM1/CREB5/CFLAR/PIK3R1/LIF/RPS6KA5/PIK3R3/CREB3L1/MAP3K8/MAP3K5/JUN/MAPK10/PIK3CD/CASP3/CREB3L2/MAP2K3/PIK3CA/JAG1/TNFRSF1B/NFKBIA/VEGFC/MAP2K1/TRAF3/FRMD8/TNFAIP3/VEGFD/PTGS2/ADAM17/MAPK11/CSF1/MAP3K14/BCL3/MAPK14/CEBPB/IRF1/MAPK3/CHUK/ATF4/DNM1L/CREB1/IKBKB/RELA/ITCH/MAP2K6/AKT3",45
"hsa04625","Organismal Systems","Immune system","hsa04625","C-type lectin receptor signaling pathway","41/1774","105/9521",0.39047619047619,2.09567294787137,5.40220260049936,7.39686549961587e-07,6.58131366247873e-06,3.39397337364291e-06,"PIK3R1/PIK3R3/RAF1/RRAS2/JUN/MDM2/RRAS/PTPN11/MAPK10/PIK3CD/IL12A/EGR2/ITPR2/PIK3CA/CALM1/NFATC4/CASP1/NFKBIA/EGR3/MALT1/PTGS2/MAPK11/PLCG2/ARHGEF12/MAP3K14/BCL3/ITPR1/MAPK14/LSP1/STAT1/MAPKAPK2/CBLB/KSR1/IRF1/MAPK3/NRAS/HRAS/CHUK/IKBKB/RELA/AKT3",41
"hsa05225","Human Diseases","Cancer: specific types","hsa05225","Hepatocellular carcinoma","58/1774","170/9521",0.341176470588235,1.83108296306121,5.23200699134933,9.46406731919699e-07,8.21007839940339e-06,4.23392485332497e-06,"WNT2/CDKN1A/TGFBR2/FZD8/TXNRD1/PIK3R1/SMARCD2/PIK3R3/RAF1/FZD6/GADD45B/NQO1/CDK6/CDK4/MYC/HGF/AXIN2/FZD4/TGFB2/FZD5/GSTM5/SHC3/PIK3CD/ACTG1/IGF1R/LRP6/SMAD3/PIK3CA/MTOR/PTEN/GSTO1/GSTA4/TP53/HMOX1/MAP2K1/MET/SOS2/ELK1/PLCG2/GAB1/RB1/DPF3/WNT5A/FZD7/DVL2/GSTM3/ACTB/CDKN2A/TCF7L1/DDB2/MAPK3/NRAS/HRAS/GADD45G/GSTM2/SMARCB1/AKT3/EGFR",58
"hsa04666","Organismal Systems","Immune system","hsa04666","Fc gamma R-mediated phagocytosis","39/1774","99/9521",0.393939393939394,2.11425984763076,5.33287043386679,1.05404814538611e-06,8.62903155841122e-06,4.44997835561931e-06,"PLPP3/WASF3/PIK3R1/MARCKSL1/PIK3R3/PLA2G4A/PRKCE/RAF1/ARPC5/AMPH/PLPP1/ACTR3/PIK3CD/GSN/PLA2G4C/WASF1/PIK3CA/PIP5K1A/RAC1/ARPC4/BIN1/INPP5D/MAP2K1/ASAP1/CFL1/PLCG2/PLD1/ARF6/VASP/CRK/GAB2/ACTR2/MAPK3/ARPC3/FCGR2A/LIMK1/AKT3/SPHK1/WASF2",39
"hsa04750","Organismal Systems","Sensory system","hsa04750","Inflammatory mediator regulation of TRP channels","39/1774","99/9521",0.393939393939394,2.11425984763076,5.33287043386679,1.05404814538611e-06,8.62903155841122e-06,4.44997835561931e-06,"ADCY1/PIK3R1/PIK3R3/PLA2G4A/PRKCE/TRPA1/PPP1CB/BDKRB2/BDKRB1/ADCY4/HRH1/PRKACB/MAPK10/PIK3CD/PLCB1/ADCY8/PLA2G4C/MAP2K3/CAMK2A/ITPR2/PIK3CA/CALM1/ADCY3/PLCB4/PRKCH/NGF/MAPK11/PLCG2/ITPR1/MAPK14/TRPV4/PPP1CA/GNAQ/ASIC2/ASIC1/IGF1/HTR2A/CAMK2D/MAP2K6",39
"hsa05100","Human Diseases","Infectious disease: bacterial","hsa05100","Bacterial invasion of epithelial cells","33/1774","78/9521",0.423076923076923,2.27064001387564,5.3919187355143,1.06930362251205e-06,8.62903155841122e-06,4.44997835561931e-06,"DNM1/PIK3R1/PIK3R3/VCL/ARPC5/ACTR3/SHC3/PIK3CD/SEPTIN9/ACTG1/WASF1/PIK3CA/CAV2/CAV1/SEPTIN8/ITGB1/RAC1/ARPC4/ARHGAP10/CLTCL1/MET/DNM3/GAB1/CLTB/ACTB/CRK/ELMO1/ACTR2/CBL/ARPC3/WASL/WASF2/PXN",33
"hsa04071","Environmental Information Processing","Signal transduction","hsa04071","Sphingolipid signaling pathway","46/1774","125/9521",0.368,1.97504396843292,5.25092973129991,1.17098742314795e-06,9.23483263255313e-06,4.76238904151079e-06,"ROCK2/PIK3R1/ORMDL1/PIK3R3/PRKCE/S1PR1/RAF1/MAP3K5/BDKRB2/ROCK1/SGMS2/RAC3/MAPK10/PIK3CD/PLCB1/PPP2CB/PIK3CA/ABCC1/PTEN/DEGS1/CERS5/SPTLC3/RAC1/TP53/PLCB4/GNAI1/ADORA1/MAP2K1/GNA12/CERS6/MAPK11/MAPK14/PLD1/NSMAF/SGMS1/GAB2/MAPK3/NRAS/GNAQ/HRAS/BCL2/RELA/AKT3/CERS4/PPP2R3A/SPHK1",46
"hsa04210","Cellular Processes","Cell growth and death","hsa04210","Apoptosis","49/1774","137/9521",0.357664233576642,1.91957224796122,5.18776917221217,1.39797107116073e-06,1.07799102598394e-05,5.55918320695493e-06,"CTSC/TUBA4A/CFLAR/TUBA1A/PIK3R1/PIK3R3/RAF1/GADD45B/MAP3K5/JUN/TNFSF10/DDIT3/MCL1/BBC3/MAPK10/PIK3CD/TUBA1C/ACTG1/CASP3/PARP2/ITPR2/PIK3CA/NFKBIA/PIDD1/PTPN13/TUBA1B/TP53/SEPTIN4/MAP2K1/CTSS/NGF/MAP3K14/ITPR1/TNFRSF10B/ACTB/LMNB1/CAPN1/MAPK3/NRAS/HRAS/CHUK/BCL2L11/GADD45G/ATF4/BCL2/IKBKB/SPTAN1/RELA/AKT3",49
"hsa04213","Organismal Systems","Aging","hsa04213","Longevity regulating pathway - multiple species","28/1774","62/9521",0.451612903225806,2.42379168636579,5.38205570800859,1.44245699349645e-06,1.08811429726797e-05,5.6113887618855e-06,"FOXO1/IRS2/PRKAG2/ADCY1/PRKAA1/FOXO3/PIK3R1/PIK3R3/IRS1/ADCY4/PRKACB/CAT/PIK3CD/ADCY8/IGF1R/PIK3CA/MTOR/CRYAB/EIF4EBP2/ADCY3/HSPA6/INSR/HSPA8/NRAS/HRAS/IGF1/HDAC2/AKT3",28
"hsa05167","Human Diseases","Infectious disease: viral","hsa05167","Kaposi sarcoma-associated herpesvirus infection","64/1774","196/9521",0.326530612244898,1.75247912017118,5.0936203623444,1.51152146082523e-06,1.11595307852416e-05,5.75495293035361e-06,"CDKN1A/PIK3R1/PIK3R3/MAP1LC3C/RAF1/CDK6/CDK4/GNB4/STAT3/MYC/JUN/GNG2/VEGFA/MAPK10/PIK3CD/CASP3/MAP1LC3A/HIF1A/ITPR2/PIK3CA/MTOR/JAK2/CALM1/NFATC4/UBB/NFKBIA/RAC1/GNB2/TP53/MAP2K1/TRAF3/TLR3/PTGS2/MAPK11/PLCG2/PREX1/HLA-A/ITPR1/HLA-E/RB1/MAPK14/STAT1/GNG5/ZFP36/RCAN1/MAPKAPK2/MICA/MICB/TCF7L1/MAPK3/IFNGR1/NRAS/HRAS/PIK3C3/HLA-B/CHUK/CREB1/IKBKB/RELA/MAP2K6/GNG11/AKT3/CCR1/TICAM1",64
"hsa04923","Organismal Systems","Endocrine system","hsa04923","Regulation of lipolysis in adipocytes","27/1774","59/9521",0.457627118644068,2.45606978388397,5.36840444742607,1.61238487037104e-06,1.1656198958724e-05,6.0110839465587e-06,"IRS2/PNPLA2/ADCY1/PIK3R1/PIK3R3/PRKG2/IRS1/ADCY4/ABHD5/PRKACB/CIDEC/PIK3CD/ADCY8/PRKG1/PIK3CA/ADCY3/PTGS1/GNAI1/FABP4/ADORA1/PTGS2/INSR/NPR1/MGLL/LIPE/PLAAT3/AKT3",27
"hsa04140","Cellular Processes","Transport and catabolism","hsa04140","Autophagy - animal","57/1774","169/9521",0.337278106508876,1.81016057050226,5.08499710471827,1.78067860014757e-06,1.26101117194124e-05,6.50301529592023e-06,"IRS2/DAPK2/PRKAA1/CALCOCO2/CFLAR/PIK3R1/RHEB/PIK3R3/MAP1LC3C/RAF1/ULK2/IRS1/SQSTM1/WIPI1/RRAS2/RRAS/PRKACB/GORASP1/VMP1/MAPK10/PIK3CD/PPP2CB/IGF1R/TANK/MAP1LC3A/HIF1A/GABARAPL1/PIK3CA/MTOR/PTEN/DAPK3/UBB/VPS18/ATG9A/MTMR14/STX7/MAP2K1/SH3GLB1/GABARAPL2/TP53INP2/WIPI2/ITPR1/EPG5/DDIT4/ATG16L2/RUBCN/CAMKK2/MAPK3/NRAS/HRAS/PIK3C3/BIRC6/BCL2/ATG16L1/VPS11/AKT3/DEPTOR",57
"hsa05418","Human Diseases","Cardiovascular disease","hsa05418","Fluid shear stress and atherosclerosis","50/1774","142/9521",0.352112676056338,1.88977722025501,5.11182162791026,1.85834204994743e-06,1.28968938266352e-05,6.65090838928554e-06,"DUSP1/VCAM1/ARHGEF2/PRKAA1/PIK3R1/PIK3R3/NQO1/SQSTM1/MAP3K5/SDC1/MAPK7/JUN/VEGFA/RAC3/GSTM5/MEF2A/MAPK10/PIK3CD/ACTG1/HSP90AA1/HSP90AB1/PIK3CA/CALM1/CAV2/GSTO1/GSTA4/CAV1/RAC1/TP53/HMOX1/SDC2/MAPK11/MAPK14/GPC1/ASS1/GSTM3/ACTB/TRPV4/MMP2/BMPR1B/SDC4/CHUK/GSTM2/MEF2C/BCL2/IKBKB/RELA/MAP2K6/AKT3/CYBA",50
"hsa04931","Human Diseases","Endocrine and metabolic disease","hsa04931","Insulin resistance","41/1774","109/9521",0.376146788990826,2.01876751859169,5.11889101926624,2.31199238239403e-06,1.57306148370731e-05,8.11225397331238e-06,"FOXO1/IRS2/PRKAG2/CREB5/PRKAA1/RPS6KA2/PIK3R1/PIK3R3/PRKCE/CREB3L1/PPP1CB/IRS1/STAT3/TRIB3/CPT1A/GFPT2/PYGB/AGT/PTPN11/SREBF1/MAPK10/PIK3CD/CREB3L2/PIK3CA/MTOR/PTEN/NFKBIA/TBC1D4/NR1H2/OGA/INSR/SLC27A4/PPP1R3C/PPP1CA/CREB1/MLXIP/PPARA/IKBKB/RELA/ACACB/AKT3",41
"hsa05219","Human Diseases","Cancer: specific types","hsa05219","Bladder cancer","21/1774","41/9521",0.51219512195122,2.7489344735612,5.37019185991466,2.44151042379106e-06,1.62923868664519e-05,8.40195894826883e-06,"CDKN1A/DAPK2/RPS6KA5/RAF1/CDK4/MYC/VEGFA/MDM2/THBS1/TYMP/DAPK3/RASSF1/TP53/MAP2K1/RB1/CDKN2A/MMP2/MAPK3/NRAS/HRAS/EGFR",21
"hsa05231","Human Diseases","Cancer: overview","hsa05231","Choline metabolism in cancer","38/1774","99/9521",0.383838383838384,2.06004805666587,5.07341169287531,3.04768565896361e-06,1.99537155407618e-05,1.02901005367192e-05,"PLPP3/WASF3/PIK3R1/RHEB/PIK3R3/PLA2G4A/RAF1/DGKH/PDGFC/JUN/RAC3/PLPP1/MAPK10/PIK3CD/PLA2G4C/WASF1/SLC44A2/HIF1A/PDGFRA/PIK3CA/MTOR/GPCPD1/PIP5K1A/RAC1/MAP2K1/PDGFRB/SOS2/RALGDS/PLD1/DGKB/SLC44A1/MAPK3/NRAS/HRAS/SLC44A3/AKT3/WASF2/EGFR",38
"hsa04512","Environmental Information Processing","Signaling molecules and interaction","hsa04512","ECM-receptor interaction","35/1774","89/9521",0.393258426966292,2.11060512014998,5.03710823156416,3.90116607965647e-06,2.50686042526073e-05,1.29278408097778e-05,"LAMA2/COL1A1/ITGA11/COL4A1/COL4A4/COL4A2/ITGA10/LAMC1/LAMB1/SDC1/ITGA2/ITGA8/COL4A5/THBS1/COL4A3/LAMA3/ITGA7/TNC/HMMR/ITGA1/COL1A2/COL6A6/THBS2/COL6A3/TNXB/ITGB1/LAMB3/ITGB8/ITGA4/LAMC2/COL9A2/ITGA6/DAG1/SDC4/ITGA3",35
"hsa04520","Cellular Processes","Cellular community - eukaryotes","hsa04520","Adherens junction","36/1774","93/9521",0.387096774193548,2.07753573117067,4.99679890389548,4.38644302503569e-06,2.72265038097165e-05,1.40406663056327e-05,"TGFBR2/WASF3/ROCK2/ARHGAP29/VCL/MYL12A/ROCK1/RAC3/MYL12B/SORBS1/ACTN4/HEG1/ACTG1/IGF1R/WASF1/FARP2/NECTIN1/SMAD3/RAC1/MYL9/MET/RAP1B/PDCD10/INSR/PTPRJ/ACTB/TJP1/NECTIN2/TCF7L1/PTPRM/MAPK3/WASL/ACTN1/NECTIN3/WASF2/EGFR",36
"hsa05135","Human Diseases","Infectious disease: bacterial","hsa05135","Yersinia infection","48/1774","138/9521",0.347826086956522,1.86677123670408,4.90796752098889,4.39390263211564e-06,2.72265038097165e-05,1.40406663056327e-05,"ROCK2/RPS6KA2/PIK3R1/PIK3R3/ARPC5/ARHGEF28/JUN/ROCK1/RAC3/ACTR3/MAPK10/PIK3CD/ACTG1/PTK2B/MAP2K3/GIT2/PIK3CA/CASP1/NFKBIA/PIP5K1A/ITGB1/RAC1/ARPC4/MAP2K1/ITGA4/MAPK11/ARHGEF12/MAPK14/ARF6/ARHGEF1/ACTB/CRK/ELMO1/ACTR2/MAPK3/ARPC3/GNAQ/CHUK/WASL/FCGR2A/LIMK1/IKBKB/RELA/MAP2K6/AKT3/WASF2/PXN/TICAM1",48
"hsa05161","Human Diseases","Infectious disease: viral","hsa05161","Hepatitis B","54/1774","163/9521",0.331288343558282,1.77801370857858,4.79422083595786,6.06560826324673e-06,3.69257204797652e-05,1.90425374838771e-05,"CDKN1A/TGFBR2/CREB5/PIK3R1/PIK3R3/CREB3L1/RAF1/STAT3/MYC/JUN/TGFB2/PCNA/STAT5A/MAPK10/PIK3CD/STAT5B/CASP3/PTK2B/CREB3L2/EGR2/MAP2K3/SMAD3/CCNA2/PIK3CA/JAK2/NFATC4/NFKBIA/EGR3/TP53/MAVS/MAP2K1/TRAF3/TLR3/MAPK11/SOS2/ELK1/RB1/MAPK14/STAT1/DDB2/MAPK3/NRAS/HRAS/CHUK/ATF4/DDX3X/CREB1/BCL2/IKBKB/RELA/MAP2K6/AKT3/IFIH1/TICAM1",54
"hsa05223","Human Diseases","Cancer: specific types","hsa05223","Non-small cell lung cancer","30/1774","73/9521",0.410958904109589,2.20560300227024,4.94793872293488,6.67659733846329e-06,3.99444702835648e-05,2.05993021331898e-05,"CDKN1A/FOXO3/PIK3R1/PIK3R3/RAF1/GADD45B/CDK6/CDK4/KIF5B/STAT3/HGF/STAT5A/PIK3CD/STAT5B/PIK3CA/RASSF1/TP53/MAP2K1/MET/SOS2/PLCG2/RB1/CDKN2A/DDB2/MAPK3/NRAS/HRAS/GADD45G/AKT3/EGFR",30
"hsa05224","Human Diseases","Cancer: specific types","hsa05224","Breast cancer","50/1774","148/9521",0.337837837837838,1.81316463024468,4.77088044156517,7.17810191246204e-06,4.22169722648191e-05,2.17712279236137e-05,"WNT2/CDKN1A/FZD8/PIK3R1/NCOA3/PIK3R3/RAF1/FZD6/GADD45B/CDK6/CDK4/MYC/BRCA1/AXIN2/JUN/FZD4/FZD5/FGF10/NOTCH3/SHC3/PIK3CD/NOTCH1/IGF1R/LRP6/PIK3CA/MTOR/JAG1/PTEN/TP53/MAP2K1/FGF1/SOS2/RB1/ESR1/WNT5A/FZD7/FGF22/DVL2/TCF7L1/DDB2/MAPK3/NRAS/DLL4/HRAS/JAG2/GADD45G/IGF1/DLL1/AKT3/EGFR",50
"hsa05235","Human Diseases","Cancer: overview","hsa05235","PD-L1 expression and PD-1 checkpoint pathway in cancer","34/1774","90/9521",0.377777777777778,2.02752098208693,4.68663989599986,1.48678474299874e-05,8.59857176367606e-05,4.4342702861366e-05,"PIK3R1/PIK3R3/RAF1/STAT3/JUN/PTPN11/PIK3CD/HIF1A/BATF3/MAP2K3/PIK3CA/MTOR/JAK2/PTEN/NFKBIA/MAP2K1/MAPK11/MAPK14/STAT1/CD274/MAP3K3/BATF2/MAPK3/IFNGR1/NRAS/HRAS/CHUK/IKBKB/NFKBIB/RELA/MAP2K6/AKT3/EGFR/TICAM1",34
"hsa04974","Organismal Systems","Digestive system","hsa04974","Protein digestion and absorption","38/1774","105/9521",0.361904761904762,1.94233102485639,4.64615205011711,1.52576226371351e-05,8.67933615587846e-05,4.47592035947016e-05,"COL1A1/COL11A1/COL7A1/COL4A1/COL4A4/COL3A1/COL4A2/SLC38A2/ELN/ATP1A2/COL8A1/COL4A5/SLC36A1/SLC8A1/COL15A1/KCNE3/COL27A1/COL4A3/COL5A1/COL14A1/COL16A1/SLC1A5/COL5A3/ATP1A1/COL1A2/COL6A6/COL6A3/ATP1B1/SLC1A1/COL18A1/COL5A2/COL24A1/COL9A2/DPP4/COL28A1/COL12A1/SLC36A4/PGA3",38
"hsa04925","Organismal Systems","Endocrine system","hsa04925","Aldosterone synthesis and secretion","36/1774","98/9521",0.36734693877551,1.97153901019258,4.6260166307867,1.73895627321651e-05,9.73254559364722e-05,5.01905885308669e-05,"CREB5/ADCY1/PRKCE/CREB3L1/ATP1A2/PRKD1/ADCY4/AGT/PRKACB/CAMK1D/PLCB1/ADCY8/NR4A1/CAMK4/CREB3L2/CACNA1G/CAMK2A/ATP1A1/ITPR2/CALM1/CACNA1C/ADCY3/PLCB4/ATP1B1/SCARB1/DAGLB/ITPR1/NPR1/LDLR/ATP2B1/DAGLA/GNAQ/ATF4/LIPE/CREB1/CAMK2D",36
"hsa00270","Metabolism","Amino acid metabolism","hsa00270","Cysteine and methionine metabolism","23/1774","52/9521",0.442307692307692,2.37385092359726,4.75354629122321,1.89457285336181e-05,0.000104351869859769,5.38140994271524e-05,"CBS/LOC102724560/PHGDH/GCLM/TST/PSAT1/MPST/SRM/AHCYL2/LDHA/ADI1/BCAT2/MAT2B/DNMT3A/SDSL/AMD1/KYAT1/CTH/IL4I1/BHMT2/GSS/CDO1/DNMT3B",23
"hsa04310","Environmental Information Processing","Signal transduction","hsa04310","Wnt signaling pathway","55/1774","174/9521",0.316091954022989,1.69645518278065,4.43670120237017,2.33754707643548e-05,0.000126547893543458,6.5260554838125e-05,"WNT2/DAAM2/FZD8/ROCK2/NKD1/RSPO1/FZD6/LGR4/CCND3/MYC/AXIN2/TLE1/NKD2/DAAM1/JUN/FZD4/FZD5/PRKACB/GPC4/RAC3/RSPO2/MAPK10/PLCB1/FRZB/LRP6/CAMK2A/PSEN1/SMAD3/SFRP4/TLE2/NFATC4/CCN4/SFRP2/CCND2/RAC1/TP53/PLCB4/ROR1/APCDD1/PRICKLE2/DKK1/MMP7/TLE3/APCDD1L/SFRP1/WNT5A/FZD7/DVL2/CTBP1/TCF7L1/TBL1XR1/CUL1/CAMK2D/DKK2/LGR5",55
"hsa04530","Cellular Processes","Cellular community - eukaryotes","hsa04530","Tight junction","54/1774","170/9521",0.317647058823529,1.70480137940182,4.43701279949276,2.37049368309072e-05,0.000126547893543458,6.5260554838125e-05,"TJP2/AMOT/PRKAG2/ARHGEF2/PRKAA1/CLDN11/TUBA4A/ROCK2/TUBA1A/PRKCE/NF2/AMOTL2/ARPC5/CDK4/MYL12A/MAP3K5/NEDD4L/MYL6/JUN/ROCK1/PCNA/PRKACB/MYL12B/ACTN4/ACTR3/MAPK10/RUNX1/TUBA1C/MYH10/ACTG1/PPP2CB/POPDC1/DLG3/LLGL1/YBX3/WHAMM/TUBA1B/ITGB1/RAC1/ARPC4/MYL9/CLDN12/MYL6B/PARD6G/MAGI1/VASP/ACTB/TJP1/ACTR2/ARPC3/MPP4/MPDZ/MYH9/ACTN1",54
"hsa04150","Environmental Information Processing","Signal transduction","hsa04150","mTOR signaling pathway","51/1774","158/9521",0.322784810126582,1.73237552266922,4.44204912048176,2.44112965526818e-05,0.000127008129087525,6.54978976031528e-05,"WNT2/FZD8/PRKAA1/RPS6KA2/PIK3R1/RHEB/PIK3R3/RAF1/FZD6/ULK2/IRS1/SESN2/STRADB/SKP2/PRR5L/FZD4/FZD5/PIK3CD/IGF1R/LRP6/PIK3CA/MTOR/PTEN/SEH1L/CAB39L/SGK1/MAP2K1/LPIN1/ATP6V1E1/LPIN3/SOS2/INSR/DDIT4/SLC7A5/WNT5A/FZD7/DVL2/GRB10/MAPK3/NRAS/HRAS/LAMTOR5/CHUK/IGF1/CAB39/IKBKB/AKT3/CLIP1/EIF4E2/DEPTOR/ATP6V1A",51
"hsa05211","Human Diseases","Cancer: specific types","hsa05211","Renal cell carcinoma","28/1774","70/9521",0.4,2.1467869222097,4.60809447134339,2.45231834261216e-05,0.000127008129087525,6.54978976031528e-05,"CDKN1A/PIK3R1/PIK3R3/RAF1/HGF/JUN/VEGFA/TGFB2/EPAS1/PTPN11/PIK3CD/HIF1A/PAK3/PIK3CA/ARNT2/RAC1/MAP2K1/MET/SOS2/RAP1B/GAB1/CRK/FH/MAPK3/NRAS/HRAS/AKT3/ELOC",28
"hsa04540","Cellular Processes","Cellular community - eukaryotes","hsa04540","Gap junction","34/1774","92/9521",0.369565217391304,1.98344443899809,4.53564889766065,2.55275656450701e-05,0.000130265665865284,6.71778043291318e-05,"ADCY1/TUBA4A/TUBA1A/RAF1/TUBB/PRKG2/MAPK7/PDGFC/ADCY4/PRKACB/TUBA1C/PLCB1/ADCY8/PRKG1/LPAR1/PDGFRA/ITPR2/ADCY3/TUBA1B/PLCB4/GNAI1/GUCY1A2/MAP2K1/PDGFRB/SOS2/ITPR1/TJP1/MAPK3/NRAS/GNAQ/HRAS/HTR2A/GUCY1A1/EGFR",34
"hsa04517","Environmental Information Processing","Signaling molecules and interaction","hsa04517","IgSF CAM signaling","85/1774","302/9521",0.281456953642384,1.51057026811113,4.31465016942023,2.69551140504096e-05,0.000135556877905683,6.99064742726108e-05,"TJP2/PLXNA4/FOXO1/TRPC6/TUBA4A/TUBA1A/PIK3R1/PIK3R3/TUBB/MPP3/ROBO1/VCL/NCAM2/ARPC5/MYL12A/ANK2/MYL6/CABLES1/SLITRK6/UNC5B/NTN1/CNTNAP1/MTSS1/PTPN11/MYL12B/SORBS1/NRP2/SPTBN4/ACTN4/ACTR3/MAPK10/PIK3CD/MAP2/MTSS2/TUBA1C/MYH10/ACTG1/CADM1/PAK3/NECTIN1/PIK3CA/GIT1/TUBA1B/ITGB1/RAC1/ARPC4/ROBO3/KCNQ3/INPP5D/MYL9/MAP2K1/MYL6B/ITGA4/MAPK11/PLCG2/RAP1B/PARD6G/PPFIA2/MAPK14/PTPRD/ARF6/MAGI1/ACTB/EPB41L3/TJP1/CASK/NECTIN2/ACTR2/SRGAP3/RIMS1/MAPK3/CLMP/ARPC3/SLIT2/WASL/PMP22/MPDZ/MYH9/PLXNA2/SPTAN1/ACTN1/NECTIN3/AKT3/EPB41L2/PXN",85
"hsa04917","Organismal Systems","Endocrine system","hsa04917","Prolactin signaling pathway","28/1774","71/9521",0.394366197183099,2.11655048668562,4.51876898486946,3.33774987483053e-05,0.000165457029509456,8.5325936649803e-05,"FOXO3/PIK3R1/PIK3R3/RAF1/STAT3/SOCS1/STAT5A/SHC3/MAPK10/PIK3CD/STAT5B/PIK3CA/JAK2/CCND2/MAP2K1/MAPK11/SOS2/MAPK14/STAT1/ESR1/SOCS5/IRF1/MAPK3/NRAS/HRAS/GALT/RELA/AKT3",28
"hsa04936","Human Diseases","Endocrine and metabolic disease","hsa04936","Alcoholic liver disease","47/1774","144/9521",0.326388888888889,1.75171849555305,4.34943683262225,3.66432240599458e-05,0.000179087306321143,9.23550495209901e-05,"FOXO1/PRKAG2/PRKAA1/SCD/FOXO3/ADH1B/MAP3K5/ADH1A/ADH1C/CPT1A/ALDH3A2/SREBF1/MAPK10/CASP3/IL12A/MAP2K3/IL17RA/ALDH1B1/C4B/C4A/C4A_2/NFKBIA/MLYCD/TRAF3/LPIN1/LPIN3/MAPK11/MAP3K14/ADIPOR1/MAPK14/CAMKK2/ADH5/C2/TCF7L1/LY96/ADH6/CHUK/ALDH2/PPARA/IKBKB/RELA/ACACB/MAP2K6/AKT3/ADIPOR2/TRA2A/TICAM1",47
"hsa04012","Environmental Information Processing","Signal transduction","hsa04012","ErbB signaling pathway","32/1774","86/9521",0.372093023255814,1.99701109042762,4.44433478880201,3.74148190226488e-05,0.000180318641678599,9.29900472785131e-05,"CDKN1A/PIK3R1/PIK3R3/RAF1/MYC/JUN/STAT5A/SHC3/MAPK10/PIK3CD/STAT5B/NRG1/PAK3/CAMK2A/PIK3CA/MTOR/ABL2/BTC/MAP2K1/SOS2/ELK1/PLCG2/GAB1/CRK/CBLB/CBL/MAPK3/NRAS/HRAS/CAMK2D/AKT3/EGFR",32
"hsa05414","Human Diseases","Cardiovascular disease","hsa05414","Dilated cardiomyopathy","37/1774","105/9521",0.352380952380952,1.89121705051807,4.39413519998969,3.86571363855037e-05,0.000183753785284517,9.47615455736932e-05,"CACNB2/LAMA2/ITGA11/ADCY1/SGCD/ATP2A2/DMD/ITGA10/TPM4/ITGA2/ITGA8/ADCY4/TPM2/TGFB2/AGT/PRKACB/SLC8A1/DTNA/ADCY8/ACTG1/SGCB/ITGA7/ITGA1/CACNA2D3/CACNA1C/ADCY3/ITGB1/ITGB8/TPM3/ITGA4/TPM1/ACTB/ITGA6/DAG1/SNTB1/IGF1/ITGA3",37
"hsa04070","Environmental Information Processing","Signal transduction","hsa04070","Phosphatidylinositol signaling system","35/1774","98/9521",0.357142857142857,1.91677403768723,4.36525131829132,4.50558483055079e-05,0.000211275396783936,0.000108954398462821,"IMPA2/INPP5A/CDIPT/PIK3R1/PIK3R3/DGKH/CDS2/ITPKB/PIK3CD/PLCB1/PPIP5K1/IPMK/ITPR2/PIK3CA/CALM1/PTEN/SYNJ2/PIP5K1A/MTMR14/PLCB4/PIK3C2A/INPP5D/ITPK1/BPNT2/PLCG2/ITPR1/PLCE1/DGKB/SYNJ1/PIK3C3/PI4KB/MTMR7/IMPA1/INPP1/SACM1L",35
"hsa04152","Environmental Information Processing","Signal transduction","hsa04152","AMPK signaling pathway","41/1774","122/9521",0.336065573770492,1.80365294693847,4.27500016735867,5.3519196691784e-05,0.000244357384895382,0.000126014729052677,"FOXO1/IRS2/PRKAG2/CREB5/PRKAA1/SCD/FOXO3/PIK3R1/RHEB/PIK3R3/CREB3L1/LEP/IRS1/STRADB/CPT1A/PPARG/SREBF1/PIK3CD/PPP2CB/IGF1R/TBC1D1/CREB3L2/CCNA2/PIK3CA/MTOR/CAB39L/RAB2A/PFKFB3/MLYCD/EEF2K/ADIPOR1/INSR/CAMKK2/IGF1/LIPE/CAB39/CREB1/ACACB/AKT3/PPP2R3A/ADIPOR2",41
"hsa04919","Organismal Systems","Endocrine system","hsa04919","Thyroid hormone signaling pathway","41/1774","122/9521",0.336065573770492,1.80365294693847,4.27500016735867,5.3519196691784e-05,0.000244357384895382,0.000126014729052677,"FOXO1/PIK3R1/RHEB/NCOA3/PIK3R3/RAF1/ATP2A2/ATP1A2/MYC/MDM2/PRKACB/NOTCH3/PIK3CD/PLCB1/NOTCH1/ACTG1/HIF1A/SLC16A2/ATP1A1/PIK3CA/MTOR/DIO2/TP53/PLCB4/ATP1B1/MAP2K1/TBC1D4/THRB/PLCG2/STAT1/PLCE1/ESR1/RCAN1/ACTB/MAPK3/RCAN2/NRAS/HRAS/HDAC2/MED14/AKT3",41
"hsa05213","Human Diseases","Cancer: specific types","hsa05213","Endometrial cancer","24/1774","59/9521",0.406779661016949,2.1831731412302,4.3622579245566,6.67886445704349e-05,0.000300982593064168,0.000155216262159589,"CDKN1A/FOXO3/PIK3R1/PIK3R3/RAF1/GADD45B/MYC/AXIN2/PIK3CD/PIK3CA/PTEN/TP53/MAP2K1/SOS2/ELK1/MLH1/TCF7L1/DDB2/MAPK3/NRAS/HRAS/GADD45G/AKT3/EGFR",24
"hsa04725","Organismal Systems","Nervous system","hsa04725","Cholinergic synapse","39/1774","116/9521",0.336206896551724,1.80441142168487,4.17115498601696,7.98448975638583e-05,0.000353777917944624,0.000182442730321814,"CREB5/ADCY1/PIK3R1/PIK3R3/CREB3L1/GNB4/GNG2/ADCY4/PRKACB/CHRM2/PIK3CD/PLCB1/ADCY8/CAMK4/CREB3L2/CAMK2A/ITPR2/PIK3CA/JAK2/CACNA1C/ADCY3/GNB2/PLCB4/GNAI1/KCNQ3/MAP2K1/ITPR1/GNG5/KCNJ12/MAPK3/NRAS/GNAQ/HRAS/ATF4/CREB1/BCL2/CAMK2D/GNG11/AKT3",39
"hsa04371","Environmental Information Processing","Signal transduction","hsa04371","Apelin signaling pathway","45/1774","140/9521",0.321428571428571,1.72509663391851,4.13584108222039,8.05430994744246e-05,0.000353777917944624,0.000182442730321814,"PRKAG2/ADCY1/PRKAA1/ACTA2/PRKCE/MAP1LC3C/RAF1/CCN2/GNB4/RRAS2/GNG2/ADCY4/RRAS/PRKACB/SLC8A1/NOTCH3/MEF2A/PLCB1/ADCY8/CAMK4/MAP1LC3A/SMAD3/HDAC5/ITPR2/MTOR/JAG1/CALM1/ADCY3/GNB2/PLCB4/GNAI1/MAP2K1/ITPR1/MEF2D/GNG5/MAPK3/NRAS/GNAQ/HRAS/PIK3C3/LIPE/MEF2C/GNG11/AKT3/SPHK1",45
"hsa00562","Metabolism","Carbohydrate metabolism","hsa00562","Inositol phosphate metabolism","29/1774","78/9521",0.371794871794872,1.99541092128465,4.22399321397065,8.67935642029609e-05,0.000376467084730343,0.000194143498875044,"IMPA2/INPP5A/CDIPT/ALDH6A1/ITPKB/PIK3CD/PLCB1/PPIP5K1/IPMK/PIK3CA/PTEN/SYNJ2/PIP5K1A/MTMR14/INPP5K/PLCB4/PIK3C2A/INPP5D/ITPK1/PLCG2/PLCE1/SYNJ1/ISYNA1/PIK3C3/PI4KB/MTMR7/IMPA1/INPP1/SACM1L",29
"hsa05230","Human Diseases","Cancer: overview","hsa05230","Central carbon metabolism in cancer","27/1774","71/9521",0.380281690140845,2.04095939787541,4.21284581191738,9.63838058226316e-05,0.000412903464450039,0.000212933684078588,"PIK3R1/PIK3R3/GLS/RAF1/MYC/LDHA/PIK3CD/SLC1A5/HIF1A/PDGFRA/PIK3CA/MTOR/PTEN/FGFR2/IDH2/TP53/MAP2K1/PKM/PDGFRB/MET/SLC7A5/MAPK3/NRAS/HRAS/AKT3/EGFR/G6PD",27
"hsa04115","Cellular Processes","Cell growth and death","hsa04115","p53 signaling pathway","28/1774","75/9521",0.373333333333333,2.00366779406238,4.17566023391342,0.000105099317998935,0.000444749552995493,0.00022935666315557,"CDKN1A/GADD45B/CDK6/CDK4/CD82/SESN2/CCND3/MDM2/THBS1/AIFM2/ZNF385A/BBC3/ZMAT3/CASP3/SESN3/PTEN/PIDD1/CCND2/PPM1D/TP53/GORAB/TNFRSF10B/CDKN2A/DDB2/GADD45G/IGF1/BCL2/TP53I3",28
"hsa04261","Organismal Systems","Circulatory system","hsa04261","Adrenergic signaling in cardiomyocytes","48/1774","154/9521",0.311688311688312,1.67282097834522,4.02798763246284,0.000111344955223711,0.00046550240316419,0.0002400588761957,"CACNB2/CREB5/SCN7A/ADCY1/RPS6KA5/CREB3L1/ATP2A2/ADRA1B/PPP1CB/ATP1A2/TPM4/ADCY4/TPM2/AGT/PRKACB/SCN1B/SLC8A1/PLCB1/ADCY8/PPP2CB/CREB3L2/CAMK2A/POPDC1/ATP1A1/CALM1/CACNA2D3/CACNA1C/ADCY3/PLCB4/ATP1B1/GNAI1/TPM3/MAPK11/RAPGEF4/TPM1/MAPK14/ATP2B1/SCN5A/PPP1CA/MAPK3/GNAQ/ATF4/CREB1/BCL2/CAMK2D/SCN4B/AKT3/PPP2R3A",48
"hsa05221","Human Diseases","Cancer: specific types","hsa05221","Acute myeloid leukemia","26/1774","68/9521",0.382352941176471,2.05207573446515,4.16624816438321,0.00011620748999577,0.000480047607482527,0.000247559815780463,"ZBTB16/PIK3R1/PIK3R3/RAF1/STAT3/MYC/STAT5A/PIM1/PIK3CD/RUNX1/STAT5B/CCNA2/PIK3CA/MTOR/PER2/MAP2K1/RUNX1T1/SOS2/TCF7L1/MAPK3/NRAS/HRAS/CHUK/IKBKB/RELA/AKT3",26
"hsa04910","Organismal Systems","Endocrine system","hsa04910","Insulin signaling pathway","44/1774","138/9521",0.318840579710145,1.71120696697874,4.02710720755536,0.0001187366863049,0.000480890856517321,0.000247994678015909,"INPP5A/FOXO1/IRS2/PRKAG2/PRKAA1/PIK3R1/RHEB/PIK3R3/RAF1/PPP1CB/IRS1/SOCS1/PYGB/PRKACB/SORBS1/SREBF1/SHC3/MAPK10/PIK3CD/PHKA1/FLOT2/PIK3CA/MTOR/CALM1/EXOC7/MAP2K1/SOS2/ELK1/INSR/PRKAR2B/CRK/PRKAR1A/PPP1R3C/CBLB/PPP1CA/CBL/MAPK3/NRAS/HRAS/LIPE/IKBKB/ACACB/AKT3/EIF4E2",44
"hsa04350","Environmental Information Processing","Signal transduction","hsa04350","TGF-beta signaling pathway","37/1774","110/9521",0.336363636363636,1.80525263913088,4.06479938950925,0.000119183324669999,0.000480890856517321,0.000247994678015909,"INHBB/FST/TGFBR2/RGMB/CDKN2B/LTBP1/TGIF1/MYC/NBL1/MICOS10-NBL1/ROCK1/TGFB2/GDF7/THBS1/SMAD1/EMP3/THSD4/INHBA/GDF5/PPP2CB/SMAD3/INHBE/TGIF2/ACVR1C/ACVR1B/BMP6/GREM1/BMPR1B/CUL1/MAPK3/HDAC2/TMEM53/GREM2/NEO1/E2F4/TFDP1/SMAD9",37
"hsa05410","Human Diseases","Cardiovascular disease","hsa05410","Hypertrophic cardiomyopathy","34/1774","99/9521",0.343434343434343,1.8432008928063,4.03557672890939,0.000140367341149189,0.000559855946882396,0.000288716854148361,"CACNB2/LAMA2/PRKAG2/ITGA11/PRKAA1/SGCD/ATP2A2/DMD/ITGA10/TPM4/ITGA2/ITGA8/TPM2/TGFB2/AGT/SLC8A1/DTNA/ACTG1/SGCB/ITGA7/ITGA1/CACNA2D3/CACNA1C/ITGB1/ITGB8/TPM3/ITGA4/TPM1/ACTB/ITGA6/DAG1/SNTB1/IGF1/ITGA3",34
"hsa04920","Organismal Systems","Endocrine system","hsa04920","Adipocytokine signaling pathway","26/1774","70/9521",0.371428571428571,1.99344499919472,3.99192589286942,0.000201970188260715,0.000796405174164411,0.000410704928281359,"ACSL1/IRS2/PRKAG2/PRKAA1/LEP/IRS1/STAT3/CPT1A/PTPN11/MAPK10/ACSL3/MTOR/JAK2/TNFRSF1B/NFKBIA/ACSL4/ADIPOR1/CAMKK2/CHUK/PPARA/IKBKB/NFKBIB/RELA/ACACB/AKT3/ADIPOR2",26
"hsa04713","Organismal Systems","Environmental adaptation","hsa04713","Circadian entrainment","33/1774","97/9521",0.34020618556701,1.82587547507526,3.91211220070845,0.000214168092991373,0.000835014924359624,0.00043061591730968,"PER1/ADCY1/RPS6KA5/PER3/PRKG2/GNB4/GNG2/ADCY4/PRKACB/PLCB1/ADCY8/PRKG1/GRIA3/CACNA1G/CAMK2A/CALM1/CACNA1C/ADCY3/GNB2/PLCB4/PER2/GNAI1/GUCY1A2/GRIN2A/ITPR1/GNG5/MAPK3/GNAQ/GRIA1/CREB1/CAMK2D/GNG11/GUCY1A1",33
"hsa05226","Human Diseases","Cancer: specific types","hsa05226","Gastric cancer","46/1774","150/9521",0.306666666666667,1.6458699736941,3.81527862416812,0.000233223460264067,0.000899206007907013,0.000463719160758963,"WNT2/CDKN1A/TGFBR2/FZD8/PIK3R1/PIK3R3/RAF1/FZD6/CDKN2B/GADD45B/MYC/HGF/AXIN2/FZD4/TGFB2/FZD5/FGF10/SHC3/PIK3CD/LRP6/SMAD3/PIK3CA/MTOR/FGFR2/TP53/MAP2K1/FGF1/MET/SOS2/GAB1/RB1/WNT5A/ABCB1/FZD7/FGF22/DVL2/MLH1/TCF7L1/DDB2/MAPK3/NRAS/HRAS/GADD45G/BCL2/AKT3/EGFR",46
"hsa04720","Organismal Systems","Nervous system","hsa04720","Long-term potentiation","25/1774","67/9521",0.373134328358209,2.00259974086725,3.94081179496114,0.00024486984597203,0.00093373446760763,0.000481525434531464,"ADCY1/RPS6KA2/RAF1/PPP1CB/PRKACB/PLCB1/ADCY8/CAMK4/CAMK2A/ITPR2/CALM1/CACNA1C/PLCB4/MAP2K1/GRIN2A/RAP1B/ITPR1/PPP1CA/MAPK3/NRAS/GNAQ/GRIA1/HRAS/ATF4/CAMK2D",25
"hsa05120","Human Diseases","Infectious disease: bacterial","hsa05120","Epithelial cell signaling in Helicobacter pylori infection","26/1774","71/9521",0.366197183098592,1.96536830906521,3.90692263896531,0.000262975653669384,0.000979572990613363,0.000505164290624212,"JUN/PTPN11/MAPK10/CASP3/NFKBIA/GIT1/RAC1/ATP6V0D1/ATP6V0A2/ATP6V1E1/MET/ADAM17/MAPK11/PLCG2/MAP3K14/ATP6V0B/MAPK14/TCIRG1/TJP1/ATP6V0A1/CHUK/IKBKB/ATP6V0E1/RELA/EGFR/ATP6V1A",26
"hsa04934","Human Diseases","Endocrine and metabolic disease","hsa04934","Cushing syndrome","47/1774","155/9521",0.303225806451613,1.62740298941703,3.76845956734588,0.000268175917202315,0.000979572990613363,0.000505164290624212,"WNT2/CDKN1A/CREB5/FZD8/ADCY1/CREB3L1/FZD6/CDKN2B/CDK6/CDK4/AXIN2/FZD4/ADCY4/FZD5/AGT/PRKACB/PLCB1/ADCY8/NR4A1/CREB3L2/CACNA1G/CAMK2A/ITPR2/CACNA1C/ADCY3/PLCB4/GNAI1/MAP2K1/SCARB1/RAP1B/ITPR1/RB1/LDLR/WNT5A/FZD7/NCEH1/DVL2/CDKN2A/TCF7L1/FH/MAPK3/GNAQ/ATF4/CREB1/CAMK2D/KMT2A/EGFR",47
"hsa04020","Environmental Information Processing","Signal transduction","hsa04020","Calcium signaling pathway","70/1774","254/9521",0.275590551181102,1.47908547790038,3.70329908130187,0.000268340144075403,0.000979572990613363,0.000505164290624212,"CCKAR/OXTR/ADCY1/ATP2A2/GDNF/ADRA1B/P2RX7/BDKRB2/HGF/STIM2/BDKRB1/PDGFC/VEGFA/ADCY4/HRH1/FGF10/PRKACB/ITPKB/CHRM2/SLC8A1/CAMK1D/PLCB1/VDAC2/ADCY8/CAMK4/PTK2B/PHKA1/CACNA1G/TPCN2/PTGFR/CAMK2A/PDGFRA/ITPR2/CALM1/FGFR2/SLC25A4/NFATC4/CACNA1C/ADCY3/STIM1/PLCB4/VEGFC/ORAI2/ASPH/FGF1/PDGFRB/FGFR4/NGF/VEGFD/TPCN1/MET/PDE1A/EDNRB/GRIN2A/PLCG2/ITPR1/PLCE1/EDNRA/ATP2B1/TFEB/FGF22/GNAQ/ARLN/P2RX6/HTR2A/CAMK2D/TBXA2R/PPIF/SPHK1/EGFR",70
"hsa04370","Environmental Information Processing","Signal transduction","hsa04370","VEGF signaling pathway","23/1774","60/9521",0.383333333333333,2.05733746711762,3.93141807252099,0.000271005784146636,0.000979572990613363,0.000505164290624212,"PIK3R1/PIK3R3/PLA2G4A/RAF1/VEGFA/RAC3/PIK3CD/PLA2G4C/HSPB1/PIK3CA/RAC1/MAP2K1/PTGS2/MAPK11/PLCG2/MAPK14/MAPKAPK2/MAPK3/NRAS/HRAS/AKT3/SPHK1/PXN",23
"hsa04730","Organismal Systems","Nervous system","hsa04730","Long-term depression","23/1774","60/9521",0.383333333333333,2.05733746711762,3.93141807252099,0.000271005784146636,0.000979572990613363,0.000505164290624212,"PLA2G4A/RAF1/PRKG2/PLCB1/PRKG1/PLA2G4C/PPP2CB/IGF1R/GRIA3/ITPR2/PLCB4/GNAI1/GUCY1A2/MAP2K1/GNA12/ITPR1/MAPK3/NRAS/GNAQ/GRIA1/HRAS/IGF1/GUCY1A1",23
"hsa04550","Cellular Processes","Cellular community - eukaryotes","hsa04550","Signaling pathways regulating pluripotency of stem cells","44/1774","144/9521",0.305555555555556,1.63990667668796,3.70249459803414,0.000344897369381788,0.00123380811521114,0.000636272954909431,"INHBB/WNT2/FZD8/PIK3R1/LIF/PIK3R3/RAF1/FZD6/STAT3/MYC/AXIN2/FZD4/SMAD1/FZD5/PIK3CD/INHBA/IGF1R/KLF4/TCF3/SMAD3/PIK3CA/JAK2/FGFR2/TBX3/MAP2K1/FGFR4/INHBE/MAPK11/MAPK14/ACVR1C/ACVR1B/WNT5A/FZD7/DVL2/PCGF5/JARID2/BMPR1B/MAPK3/NRAS/HRAS/IGF1/LIFR/AKT3/SMAD9",44
"hsa04148","Cellular Processes","Transport and catabolism","hsa04148","Efferocytosis","47/1774","157/9521",0.299363057324841,1.6066717411442,3.66776408511011,0.000370940566646475,0.00130016542046795,0.000670493315575765,"MFGE8/S1PR1/ATP2A2/DUSP5/CPT1A/THBS1/PPARG/PTPN11/CASP3/HIF1A/MERTK/CAMK2A/JAK2/VPS8/NFATC4/CASP1/CH25H/VPS18/SGK1/RAC1/DNMT3A/ATP11B/ATP11C/MAP2K1/TYRO3/PTGS2/TMEM30B/NR1H2/ADAM17/MAPK11/SCARF1/GAS6/MAPK14/PANX1/CEBPB/MAPKAPK2/CRK/PLA2G15/ELMO1/MAPK3/DUSP8/CREB1/CAMK2D/VPS11/ANO6/SPHK1/RAB5C",47
"hsa04390","Environmental Information Processing","Signal transduction","hsa04390","Hippo signaling pathway","47/1774","157/9521",0.299363057324841,1.6066717411442,3.66776408511011,0.000370940566646475,0.00130016542046795,0.000670493315575765,"WNT2/AMOT/TGFBR2/FZD8/NKD1/NF2/FZD6/CCN2/PPP1CB/CCND3/TEAD1/MYC/AXIN2/NKD2/TEAD3/FZD4/TGFB2/GDF7/SMAD1/FZD5/GLI2/BBC3/ACTG1/GDF5/PPP2CB/TEAD2/SMAD3/DLG3/WTIP/RASSF1/LLGL1/CCND2/YAP1/FGF1/TEAD4/WWC1/PARD6G/WNT5A/FZD7/BMP6/DVL2/ACTB/TCF7L1/PPP1CA/MOB1A/BMPR1B/DLG4",47
"hsa05145","Human Diseases","Infectious disease: parasitic","hsa05145","Toxoplasmosis","36/1774","112/9521",0.321428571428571,1.72509663391851,3.69370043071485,0.000401155000516277,0.00139200785179148,0.000717856316713337,"LAMA2/LAMC1/LAMB1/STAT3/SOCS1/TGFB2/MAPK10/CASP3/IL12A/MAP2K3/LAMA3/JAK2/NFKBIA/HSPA6/ITGB1/LAMB3/GNAI1/LAMC2/MAPK11/CD40/MAPK14/STAT1/LDLR/ITGA6/HSPA8/MAPK3/LY96/IFNGR1/CHUK/BCL2/IKBKB/NFKBIB/RELA/MAP2K6/AKT3/PPIF",36
"hsa04062","Organismal Systems","Immune system","hsa04062","Chemokine signaling pathway","55/1774","193/9521",0.284974093264249,1.52944664147064,3.55578167527472,0.00048788410550694,0.00167619588723671,0.000864411651236892,"CXCL12/ADCY1/FOXO3/ROCK2/PIK3R1/PIK3R3/RAF1/GNB4/RASGRP2/STAT3/GNG2/ROCK1/ADCY4/PRKACB/RAC3/SHC3/PIK3CD/STAT5B/PLCB1/ADCY8/PTK2B/CCL8/PIK3CA/JAK2/NFKBIA/ADCY3/CXCL16/RAC1/GNB2/PLCB4/GNAI1/MAP2K1/GRK5/CCL7/SOS2/PLCG2/RAP1B/PREX1/STAT1/GNG5/CRK/ELMO1/MAPK3/NRAS/GNAQ/HRAS/CHUK/IKBKB/NFKBIB/RELA/CCL11/GNG11/AKT3/CCR1/PXN",55
"hsa05166","Human Diseases","Infectious disease: viral","hsa05166","Human T-cell leukemia virus 1 infection","62/1774","224/9521",0.276785714285714,1.4854998792076,3.51860263697183,0.000519065901669315,0.00176584184195345,0.000910641932753185,"CDKN1A/TGFBR2/CREB5/ADCY1/NFYB/PIK3R1/PIK3R3/CREB3L1/CDKN2B/CDK4/CCND3/MYC/JUN/SRF/ADCY4/TGFB2/STAT5A/PRKACB/MAPK10/PIK3CD/TLN1/STAT5B/VDAC2/ADCY8/MSX2/CREB3L2/EGR2/TCF3/SMAD3/CCNA2/PIK3CA/PTEN/SLC25A4/NFATC4/NFKBIA/ADCY3/CCND2/TP53/MAP2K1/ELK1/HLA-A/MMP7/LTBR/MAP3K14/CD40/HLA-E/RB1/ZFP36/MAP3K3/RANBP3/CDKN2A/MAPK3/NRAS/HRAS/HLA-B/CHUK/ATF4/CREB1/IKBKB/TLN2/RELA/AKT3",62
"hsa00920","Metabolism","Energy metabolism","hsa00920","Sulfur metabolism","7/1774","10/9521",0.7,3.75687711386697,4.17381140311899,0.000545244525528775,0.00183689175105325,0.000947282262032618,"TST/SQOR/MPST/SELENBP1/BPNT2/ETHE1/PAPSS2",7
"hsa04710","Organismal Systems","Environmental adaptation","hsa04710","Circadian rhythm","15/1774","34/9521",0.441176470588235,2.36777969361364,3.82313526571599,0.000552835069885461,0.00184455547356014,0.000951234431989153,"PER1/PRKAG2/PRKAA1/PER3/NFIL3/NPAS2/DBP/BMAL1/BHLHE40/FBXL3/PER2/RORA/NR1D2/CUL1/CREB1",15
"hsa05130","Human Diseases","Infectious disease: bacterial","hsa05130","Pathogenic Escherichia coli infection","57/1774","203/9521",0.280788177339901,1.50698096756099,3.49387067620825,0.000583293615758165,0.00192764652064841,0.000994084357683088,"CYTH3/ARHGEF2/CLDN11/WASF3/TUBA4A/ROCK2/TUBA1A/TUBB/MYO1E/ARPC5/JUN/CYFIP2/ROCK1/TNFSF10/PTPN11/ACTR3/MAPK10/TUBA1C/MYH10/ACTG1/CASP3/WASF1/PAK3/LPAR1/MYO1C/CASP1/NFKBIA/TMBIM6/TUBA1B/ITGB1/RAC1/ARPC4/CLDN12/SEC24B/GNA12/ARF1/MAPK11/ABCF2/ARHGEF12/MAPK14/TNFRSF10B/ARF6/ARHGEF1/ACTB/TJP1/ACTR2/MAPK3/ARPC3/CHUK/WASL/FCGR2A/MYH9/IKBKB/NFKBIB/RELA/NCKAP1/WASF2",57
"hsa04024","Environmental Information Processing","Signal transduction","hsa04024","cAMP signaling pathway","62/1774","226/9521",0.274336283185841,1.47235386257745,3.43894711781137,0.000667605225230764,0.00218546238825542,0.00112703960565273,"CREB5/OXTR/ADCY1/ROCK2/PIK3R1/PPP1R1B/PIK3R3/CREB3L1/RAF1/ATP2A2/PPP1CB/SOX9/ATP1A2/RRAS2/JUN/ROCK1/ADCY4/RRAS/PRKACB/RAC3/CHRM2/MAPK10/PIK3CD/ADCY8/CAMK4/CREB3L2/GRIA3/GLI3/CAMK2A/POPDC1/ATP1A1/PIK3CA/CALM1/CACNA1C/NFKBIA/ADCY3/ABCC4/RAC1/ATP1B1/ARAP3/GNAI1/ADORA1/MYL9/MAP2K1/GRIN2A/PPP1R12A/RAP1B/RAPGEF4/PLD1/PLCE1/NPR1/EDNRA/ATP2B1/PPP1CA/MAPK3/GRIA1/LIPE/CREB1/PPARA/CAMK2D/RELA/AKT3",62
"hsa01524","Human Diseases","Drug resistance: antineoplastic","hsa01524","Platinum drug resistance","26/1774","75/9521",0.346666666666667,1.86054866591507,3.58022730714965,0.000700460227391299,0.00225135707011758,0.00116102139214315,"CDKN1A/PIK3R1/PIK3R3/REV3L/MAP3K5/BRCA1/MDM2/BBC3/GSTM5/PIK3CD/CASP3/PIK3CA/GSTO1/GSTA4/TP53/SLC31A1/POLH/MSH2/GSTM3/MLH1/CDKN2A/ATP7A/MAPK3/GSTM2/BCL2/AKT3",26
"hsa04928","Organismal Systems","Endocrine system","hsa04928","Parathyroid hormone synthesis, secretion and action","36/1774","115/9521",0.31304347826087,1.68009411303368,3.51110609308918,0.000700710557846395,0.00225135707011758,0.00116102139214315,"CDKN1A/CREB5/ADCY1/CREB3L1/RAF1/ADCY4/MMP15/PRKACB/MEF2A/MAFB/PLCB1/ADCY8/CREB3L2/AKAP13/OXSR1/LRP6/CYP24A1/ITPR2/ADCY3/SGK1/PLCB4/GNAI1/MAP2K1/GNA12/ITPR1/MEF2D/PLD1/ARHGEF1/MAPK3/GNAQ/ATF4/MEF2C/CREB1/BCL2/EGFR/JUND",36
"hsa00564","Metabolism","Lipid metabolism","hsa00564","Glycerophospholipid metabolism","33/1774","103/9521",0.320388349514563,1.71951379691553,3.5132325623306,0.000732490717075141,0.00231067526204613,0.00119161169284951,"PLPP3/CDIPT/PCYT2/PLA2G4A/LCLAT1/DGKH/CDS2/SGMS2/GPD1L/AGPAT2/PLPP1/GPAT3/PLB1/PLA2G4C/SAMD8/GPCPD1/CRLS1/PTDSS1/PLA2G2A/LPIN1/LPCAT3/GPD2/LPIN3/PLD1/DGKB/SGMS1/PLA2G15/PEMT/PISD/AGPAT5/PLAAT3/PLPP4/ETNK1",33
"hsa05146","Human Diseases","Infectious disease: parasitic","hsa05146","Amoebiasis","33/1774","103/9521",0.320388349514563,1.71951379691553,3.5132325623306,0.000732490717075141,0.00231067526204613,0.00119161169284951,"LAMA2/COL1A1/COL4A1/ADCY1/COL4A4/PIK3R1/COL3A1/PIK3R3/COL4A2/VCL/LAMC1/LAMB1/COL4A5/TGFB2/PRKACB/ACTN4/PIK3CD/COL4A3/PLCB1/CASP3/IL12A/LAMA3/HSPB1/PIK3CA/COL1A2/PLCB4/LAMB3/SERPINB9/LAMC2/GNAQ/RELA/ACTN1/RAB5C",33
"hsa05203","Human Diseases","Cancer: overview","hsa05203","Viral carcinogenesis","57/1774","205/9521",0.278048780487805,1.49227871421893,3.40958680877843,0.000758535528041543,0.00237127773180555,0.00122286429366584,"CDKN1A/CREB5/PIK3R1/PIK3R3/CREB3L1/CDKN2B/CDK6/CDK4/CCND3/STAT3/HDAC7/RBPJ/SKP2/JUN/SRF/MDM2/STAT5A/PRKACB/ACTN4/PIK3CD/STAT5B/CHD4/GSN/CASP3/CREB3L2/EGR2/HDAC5/CCNA2/PIK3CA/NFKBIA/EGR3/CCND2/RAC1/TP53/ATP6V0D1/HDAC9/GTF2H1/TRAF3/PKM/HLA-A/LTBR/RBL2/HLA-E/RB1/MAPKAPK2/CDKN2A/MAPK3/NRAS/HRAS/HLA-B/HDAC2/ATF4/DDX3X/CREB1/RELA/ACTN1/PXN",57
"hsa04216","Cellular Processes","Cell growth and death","hsa04216","Ferroptosis","17/1774","42/9521",0.404761904761905,2.17234390937886,3.64356833428418,0.000810165660743413,0.0025100668239104,0.00129443761584944,"ACSL1/GCLM/MAP1LC3C/SAT1/SLC7A11/FTL/VDAC2/ACSL3/MAP1LC3A/ACSL4/TP53/HMOX1/LPCAT3/GPX4/SLC11A2/GSS/PRNP",17
"hsa04927","Organismal Systems","Endocrine system","hsa04927","Cortisol synthesis and secretion","23/1774","65/9521",0.353846153846154,1.89908073887781,3.48040788846165,0.00101348155557979,0.00311219557332908,0.00160495448950688,"CREB5/ADCY1/CREB3L1/ADCY4/AGT/PRKACB/PLCB1/ADCY8/NR4A1/CREB3L2/CACNA1G/ITPR2/CACNA1C/ADCY3/PLCB4/SCARB1/NR0B1/ITPR1/LDLR/NCEH1/GNAQ/ATF4/CREB1",23
"hsa04392","Environmental Information Processing","Signal transduction","hsa04392","Hippo signaling pathway - multiple species","13/1774","29/9521",0.448275862068966,2.40588189557983,3.62825227643734,0.00107179419910067,0.00326239111480644,0.00168241010015803,"NF2/RASSF2/TEAD1/TEAD3/DCHS1/TEAD2/WTIP/RASSF1/FAT4/YAP1/TEAD4/WWC1/MOB1A",13
"hsa00071","Metabolism","Lipid metabolism","hsa00071","Fatty acid degradation","17/1774","43/9521",0.395348837209302,2.12182428357935,3.52800519775431,0.00111034929389935,0.00335035830420066,0.00172777464496925,"ACSL1/ACADS/ADH1B/ADH1A/ADH1C/CPT1A/ALDH3A2/ACSL3/ALDH1B1/ACSL4/ECI1/ACADSB/ADH5/GCDH/ADH6/ALDH2/ECI2",17
"hsa04915","Organismal Systems","Endocrine system","hsa04915","Estrogen signaling pathway","41/1774","139/9521",0.294964028776978,1.58306229875175,3.31362341416329,0.00117611725380325,0.00351821281956661,0.00181433696140247,"CREB5/FKBP5/ADCY1/PIK3R1/NCOA3/PIK3R3/CREB3L1/RAF1/JUN/ADCY4/PRKACB/SHC3/PIK3CD/PLCB1/ADCY8/CREB3L2/HSP90AA1/HSP90AB1/ITPR2/PIK3CA/CALM1/ADCY3/HSPA6/PLCB4/GNAI1/MAP2K1/SOS2/GPER1/ITPR1/ESR1/MMP2/HSPA8/MAPK3/NRAS/GNAQ/HRAS/ATF4/CREB1/BCL2/AKT3/EGFR",41
"hsa05169","Human Diseases","Infectious disease: viral","hsa05169","Epstein-Barr virus infection","56/1774","205/9521",0.273170731707317,1.4660983858993,3.22825842810747,0.00132297372683771,0.00392369130951013,0.00202344159750257,"CDKN1A/PIK3R1/PIK3R3/GADD45B/CDK6/CDK4/CCND3/STAT3/MYC/SAP30/RBPJ/SKP2/JUN/MDM2/MAPK10/PIK3CD/CASP3/MAP2K3/PSMC5/CCNA2/PIK3CA/BLNK/NFKBIA/CCND2/RAC1/TP53/MAVS/TRAF3/TNFAIP3/PSMD8/MAPK11/PLCG2/HLA-A/MAP3K14/CD40/HLA-E/RB1/MAPK14/ENTPD1/STAT1/VIM/DDB2/HLA-B/CHUK/BCL2L11/GADD45G/PSMD7/HDAC2/OAS3/SAP30L/BCL2/IKBKB/NFKBIB/RELA/MAP2K6/AKT3",56
"hsa05110","Human Diseases","Infectious disease: bacterial","hsa05110","Vibrio cholerae infection","19/1774","51/9521",0.372549019607843,1.9994584079404,3.42454855583059,0.00135035180840574,0.00397094980946433,0.00204781273353234,"TJP2/PRKACB/ACTG1/ADCY3/ATP6V0D1/ATP6V0A2/ATP6V1E1/ARF1/PLCG2/ATP6V0B/TCIRG1/ACTB/SEC61A1/TJP1/ATP6V0A1/ATP6V0E1/SEC61A2/ERO1A/ATP6V1A",19
"hsa05412","Human Diseases","Cardiovascular disease","hsa05412","Arrhythmogenic right ventricular cardiomyopathy","28/1774","86/9521",0.325581395348837,1.74738470412417,3.33158564939622,0.00136204208467539,0.00397166893598621,0.00204818358597802,"CACNB2/LAMA2/ITGA11/SGCD/ATP2A2/DMD/ITGA10/ITGA2/ITGA8/SLC8A1/DTNA/ACTG1/SGCB/ITGA7/ITGA1/CACNA2D3/CACNA1C/ITGB1/ITGB8/ITGA4/PKP2/ACTB/ITGA6/DAG1/TCF7L1/SNTB1/ITGA3/DSP",28
"hsa00600","Metabolism","Lipid metabolism","hsa00600","Sphingolipid metabolism","20/1774","55/9521",0.363636363636364,1.95162447473609,3.38682067067727,0.00144275631532774,0.00417197034515604,0.00215147871583961,"PLPP3/ACER3/SGMS2/PLPP1/SAMD8/KDSR/DEGS1/CERS5/UGCG/GBA2/SPTLC3/CERS6/NEU1/GM2A/GBA1/SGMS1/GALC/B4GALT5/CERS4/SPHK1",20
"hsa01523","Human Diseases","Drug resistance: antineoplastic","hsa01523","Antifolate resistance","13/1774","30/9521",0.433333333333333,2.32568583239384,3.47995605438325,0.0015723088845874,0.00450901804092419,0.00232529369621451,"SHMT2/FPGS/SHMT1/TYMS/ABCC1/ABCC3/ABCC4/FOLR3/CHUK/GGH/IKBKB/RELA/ABCC5",13
"hsa00250","Metabolism","Amino acid metabolism","hsa00250","Alanine, aspartate and glutamate metabolism","15/1774","37/9521",0.405405405405405,2.17579755629361,3.42898943152616,0.00159346636226749,0.00453223629267886,0.0023372673130757,"ABAT/GLS/GLUL/ASNS/GFPT2/ALDH4A1/NIT2/GPT2/ASS1/GLUD1/IL4I1/RIMKLB/ASL/GLUD2/ADSS1",15
"hsa00280","Metabolism","Amino acid metabolism","hsa00280","Valine, leucine and isoleucine degradation","18/1774","48/9521",0.375,2.01261273957159,3.36549338203329,0.00164310021639605,0.00463541280560512,0.00239047528273281,"ABAT/ACADS/ALDH6A1/ALDH3A2/OXCT1/AOX1/BCAT2/ALDH1B1/MCCC1/MCCC2/ACADSB/IVD/HIBADH/IL4I1/HMGCS1/ALDH2/PCCB/MCEE",18
"hsa04670","Organismal Systems","Immune system","hsa04670","Leukocyte transendothelial migration","35/1774","116/9521",0.301724137931034,1.61934358356335,3.21151342086476,0.00169984608793857,0.00471877274011747,0.00243346387325943,"VCAM1/CXCL12/CLDN11/ROCK2/PIK3R1/PIK3R3/VCL/MYL12A/ROCK1/PTPN11/MYL12B/ACTN4/PIK3CD/ACTG1/PTK2B/PIK3CA/SIPA1/ITGB1/RAC1/GNAI1/MYL9/CLDN12/ITGA4/MAPK11/PLCG2/RAP1B/RAPGEF4/MAPK14/VASP/ACTB/MMP2/ACTN1/PXN/THY1/CYBA",35
"hsa04724","Organismal Systems","Nervous system","hsa04724","Glutamatergic synapse","35/1774","116/9521",0.301724137931034,1.61934358356335,3.21151342086476,0.00169984608793857,0.00471877274011747,0.00243346387325943,"ADCY1/PLA2G4A/GLS/GLUL/SLC38A2/GNB4/SLC38A1/GNG2/ADCY4/GRIK4/PRKACB/PLCB1/ADCY8/PLA2G4C/GRIA3/NCDN/GRIK1/ITPR2/CACNA1C/ADCY3/GNB2/PLCB4/GNAI1/SLC1A7/SLC1A1/GRIN2A/ITPR1/PLD1/GNG5/MAPK3/GNAQ/GRIA1/DLG4/GRIK5/GNG11",35
"hsa04380","Organismal Systems","Development and regeneration","hsa04380","Osteoclast differentiation","41/1774","143/9521",0.286713286713287,1.53878083584961,3.10637260973398,0.00212935972262209,0.00586418907737989,0.00302415332369052,"TGFBR2/PIK3R1/PIK3R3/ATP2A2/SQSTM1/SOCS1/JUN/TGFB2/PPARG/TNFRSF11B/MAPK10/PIK3CD/CAMK4/ITPR2/PIK3CA/BLNK/NFKBIA/RAC1/ACP5/MAP2K1/TMEM64/MAPK11/PLCG2/CSF1/MAP3K14/ITPR1/MAPK14/STAT1/GAB2/MAPK3/IFNGR1/CHUK/FCGR2A/FHL2/CREB1/IKBKB/RELA/MAP2K6/AKT3/JUND/CYBA",41
"hsa04960","Organismal Systems","Excretory system","hsa04960","Aldosterone-regulated sodium reabsorption","15/1774","38/9521",0.394736842105263,2.11853972586483,3.30596948060697,0.00218558592382103,0.00597164028004643,0.00307956574429817,"PIK3R1/PIK3R3/IRS1/ATP1A2/NEDD4L/PIK3CD/ATP1A1/PIK3CA/SGK1/ATP1B1/HSD11B2/NR3C2/INSR/MAPK3/IGF1",15
"hsa05170","Human Diseases","Infectious disease: viral","hsa05170","Human immunodeficiency virus 1 infection","57/1774","214/9521",0.266355140186916,1.4295193290415,3.04097777570198,0.00226511747090449,0.00614059189378013,0.00316669383267897,"SAMHD1/AP1M1/PIK3R1/PIK3R3/RAF1/GNB4/JUN/GNG2/RAC3/MAPK10/PIK3CD/CASP3/PTK2B/MAP2K3/WEE1/PAK3/TRIM5/ITPR2/PIK3CA/MTOR/CALM1/TNFRSF1B/NFATC4/NFKBIA/RAC1/GNB2/APOBEC3C/GNAI1/MAP2K1/STING1/CFL1/MAPK11/PLCG2/HLA-A/ITPR1/HLA-E/MAPK14/GNG5/CRK/DCAF1/CUL1/MAPK3/NRAS/GNAQ/HRAS/HLA-B/CHUK/AP1S2/LIMK1/BCL2/IKBKB/RELA/MAP2K6/GNG11/AKT3/ELOC/PXN",57
"hsa04664","Organismal Systems","Immune system","hsa04664","Fc epsilon RI signaling pathway","23/1774","69/9521",0.333333333333333,1.78898910184141,3.1474743333971,0.00250911860443153,0.00674933454060265,0.00348062148309556,"PIK3R1/PIK3R3/PLA2G4A/RAF1/RAC3/MAPK10/PIK3CD/PLA2G4C/MAP2K3/PIK3CA/RAC1/INPP5D/MAP2K1/MAPK11/SOS2/PLCG2/MAPK14/GAB2/MAPK3/NRAS/HRAS/MAP2K6/AKT3",23
"hsa00330","Metabolism","Amino acid metabolism","hsa00330","Arginine and proline metabolism","18/1774","50/9521",0.36,1.93210822998873,3.16214609056958,0.00278704588025635,0.00743926861883809,0.00383641943031238,"MAOA/PRODH/SAT1/ALDH3A2/ALDH4A1/SRM/CKB/SMOX/ALDH1B1/P4HA2/PYCR1/AMD1/ALDH18A1/MAOB/PYCR2/GAMT/CKMT2/ALDH2",18
"hsa05417","Human Diseases","Cardiovascular disease","hsa05417","Lipid and atherosclerosis","57/1774","216/9521",0.263888888888889,1.41628303895779,2.96132386888438,0.00283528144190096,0.00751024931556972,0.00387302406687958,"VCAM1/HSPA2/ROCK2/PIK3R1/PIK3R3/STAT3/MAP3K5/JUN/TNFSF10/DDIT3/PPARG/MAPK10/PIK3CD/POU2F2/PLCB1/CASP3/TANK/IL12A/MAP2K3/HSP90AA1/CAMK2A/HSP90AB1/PIK3CA/JAK2/CALM1/CASP1/NFKBIA/HSPA6/RAC1/TP53/PLCB4/TRAF3/MAPK11/RAP1B/CD40/ITPR1/MAPK14/LDLR/TNFRSF10B/ARHGEF1/APOB/HSPA8/MAPK3/LY96/NRAS/HRAS/CHUK/ATF4/BCL2/IKBKB/CAMK2D/RELA/MAP2K6/AKT3/TICAM1/ERO1A/CYBA",57
"hsa04141","Genetic Information Processing","Folding, sorting and degradation","hsa04141","Protein processing in endoplasmic reticulum","47/1774","172/9521",0.273255813953488,1.46655501953279,2.95469742551891,0.0030786613074949,0.00809314752803583,0.00417362378209037,"PREB/HSPA4L/HERPUD1/MAP3K5/SELENOS/TRAM1/DDIT3/MAN1C1/MAPK10/WFS1/MAN1A1/HSP90AA1/UBE2J1/HSP90AB1/CRYAB/RAD23B/SSR3/HSPA6/SEC24B/DNAJC3/DNAJB12/EDEM3/DERL1/SAR1A/DNAJB1/SYVN1/SEC61A1/CAPN1/SAR1B/CUL1/HSPA8/NPLOC4/UBQLN1/ATF4/STT3B/DNAJB2/BCAP31/BCL2/CKAP4/YOD1/EDEM1/RPN1/SEC61A2/MOGS/ERO1A/DNAJA1/SEC31A",47
"hsa00620","Metabolism","Carbohydrate metabolism","hsa00620","Pyruvate metabolism","17/1774","47/9521",0.361702127659574,1.94124349348749,3.09537114514615,0.00341551885222775,0.00891116572724081,0.00459547451427556,"ACSS1/ADH1B/ADH1A/ADH1C/ALDH3A2/LDHA/ALDH1B1/ME1/ME3/PKM/DLAT/ACOT12/ADH5/FH/ADH6/ALDH2/ACACB",17
"hsa04916","Organismal Systems","Endocrine system","hsa04916","Melanogenesis","30/1774","101/9521",0.297029702970297,1.59414870461116,2.87249243792092,0.00452818529561509,0.0116391722115189,0.0060023032791088,"WNT2/FZD8/ADCY1/CREB3L1/RAF1/FZD6/FZD4/ADCY4/FZD5/PRKACB/PLCB1/ADCY8/CREB3L2/CAMK2A/CALM1/ADCY3/PLCB4/GNAI1/MAP2K1/EDNRB/WNT5A/FZD7/DVL2/TCF7L1/MAPK3/NRAS/GNAQ/HRAS/CREB1/CAMK2D",30
"hsa04913","Organismal Systems","Endocrine system","hsa04913","Ovarian steroidogenesis","18/1774","52/9521",0.346153846153846,1.85779637498916,2.96798925335931,0.00452820820909238,0.0116391722115189,0.0060023032791088,"ADCY1/PLA2G4A/ADCY4/PRKACB/ADCY8/ACOT2/PLA2G4C/IGF1R/ACOT1/AKR1C3/ADCY3/SCARB1/CYP19A1/PTGS2/INSR/LDLR/BMP6/IGF1",18
"hsa04066","Environmental Information Processing","Signal transduction","hsa04066","HIF-1 signaling pathway","32/1774","110/9521",0.290909090909091,1.56129957978887,2.8333594680548,0.00488169970895894,0.0124555132280055,0.00642328909073545,"CDKN1A/PIK3R1/PIK3R3/STAT3/VEGFA/EPAS1/LDHA/PIK3CD/IL6R/ANGPT1/IGF1R/HIF1A/CAMK2A/PIK3CA/MTOR/PFKFB3/HMOX1/MAP2K1/PLCG2/LTBR/INSR/MAPK3/IFNGR1/IGF1/BCL2/CAMK2D/RELA/AKT3/ELOC/EGFR/TIMP1/EIF4E2",32
"hsa05207","Human Diseases","Cancer: overview","hsa05207","Chemical carcinogenesis - receptor activation","56/1774","217/9521",0.258064516129032,1.38502382078045,2.7454347059072,0.00512378818953904,0.012912521365384,0.00665896748707803,"CREB5/ADCY1/KLF5/RPS6KA2/PIK3R1/PIK3R3/CREB3L1/RAF1/CCND3/STAT3/MYC/BCL6/JUN/VEGFA/ADCY4/STAT5A/FGF10/PRKACB/GSTM5/PIK3CD/STAT5B/ADCY8/CREB3L2/KLF4/HSP90AA1/HSP90AB1/PIK3CA/MTOR/JAG1/JAK2/GSTO1/CACNA1C/GSTA4/ADCY3/GNAI1/MAP2K1/SOS2/RB1/ESR1/FGF22/GSTM3/KPNB1/MAPK3/NRAS/DLL4/HRAS/GSTM2/ATF4/DLL1/CREB1/PPARA/BCL2/RELA/AKT3/EGFR/KPNA3",56
"hsa00260","Metabolism","Amino acid metabolism","hsa00260","Glycine, serine and threonine metabolism","15/1774","41/9521",0.365853658536585,1.96352462397228,2.95855114682902,0.00513523904444664,0.012912521365384,0.00665896748707803,"MAOA/CBS/LOC102724560/PHGDH/PSAT1/CHDH/SHMT2/SHMT1/GCAT/BPGM/SDSL/MAOB/CTH/GAMT/ALAS1",15
"hsa04978","Organismal Systems","Digestive system","hsa04978","Mineral absorption","20/1774","61/9521",0.327868852459016,1.75966141164729,2.84818319370532,0.00574766138139278,0.0143484784125417,0.00739948833651475,"STEAP2/MT2A/STEAP1/MT1E/MT1X/ATP1A2/MT1M/FTL/SLC26A6/SLC8A1/ATP1A1/TRPV6/HMOX1/ATP1B1/SLC31A1/SLC11A2/ATP2B1/ATP7A/HEPH/CYBRD1",20
"hsa04142","Cellular Processes","Transport and catabolism","hsa04142","Lysosome","37/1774","133/9521",0.278195488721804,1.49306609251426,2.74014106761865,0.00588313251014547,0.014478347383124,0.00746646156569414,"SORT1/CTSC/AP1M1/NPC1/ENTPD4/LGMN/GGA2/SLC17A5/ARSG/ACP5/ATP6V0D1/LITAF/CTSS/ATP6V0A2/CLTCL1/CTSA/NEU1/GNPTAB/GM2A/SLC11A2/DMXL2/GBA1/ACP2/CLTB/ATP6V0B/AP3M2/TCIRG1/PLA2G15/LAPTM4A/ATP6V0A1/TPP1/ABCB9/GALC/AP1S2/MANBA/AP4M1/FUCA2",37
"hsa04728","Organismal Systems","Nervous system","hsa04728","Dopaminergic synapse","37/1774","133/9521",0.278195488721804,1.49306609251426,2.74014106761865,0.00588313251014547,0.014478347383124,0.00746646156569414,"MAOA/CREB5/PPP1R1B/CREB3L1/PPP1CB/GNB4/KIF5B/GNG2/PRKACB/MAPK10/PLCB1/PPP2CB/CREB3L2/GRIA3/CAMK2A/ITPR2/CALM1/CACNA1C/BMAL1/GNB2/PLCB4/GNAI1/MAPK11/GRIN2A/ITPR1/MAPK14/GNG5/MAOB/PPP1CA/GNAQ/GRIA1/ATF4/CREB1/CAMK2D/GNG11/AKT3/PPP2R3A",37
"hsa04330","Environmental Information Processing","Signal transduction","hsa04330","Notch signaling pathway","20/1774","62/9521",0.32258064516129,1.73127977597556,2.7643007963381,0.00703146419609032,0.0171825216622771,0.00886100009885363,"RBPJ/TLE1/NOTCH3/SPEN/NOTCH1/PSEN1/JAG1/TLE2/LFNG/ATXN1L/ADAM17/TLE3/ATXN1/DVL2/CTBP1/DLL4/JAG2/HDAC2/DLL1/ITCH",20
"hsa04930","Human Diseases","Endocrine and metabolic disease","hsa04930","Type II diabetes mellitus","16/1774","47/9521",0.340425531914894,1.82705269975293,2.71984356868701,0.0086535496175729,0.020998473547537,0.0108288806403194,"IRS2/PIK3R1/PIK3R3/PRKCE/IRS1/SOCS1/MAPK10/PIK3CD/CACNA1G/PIK3CA/MTOR/CACNA1C/PKM/INSR/MAPK3/IKBKB",16
"hsa01232","Metabolism","Global and overview maps","hsa01232","Nucleotide metabolism","25/1774","85/9521",0.294117647058824,1.57851979574242,2.56367061148678,0.0103323793029424,0.0248981640147293,0.0128399450402062,"NT5E/CTPS1/NUDT16/TYMP/ENTPD4/TYMS/AK5/UPP1/ASMTL/ENTPD6/NT5C2/CMPK1/ADA2/NTPCR/ENTPD1/IMPDH1/ENPP1/XDH/AK9/PNP/ADA/AK6/ADSS1/AMPD2/ITPA",25
"hsa05206","Human Diseases","Cancer: overview","hsa05206","MicroRNAs in cancer","76/1774","320/9521",0.2375,1.27465473506201,2.39151477565683,0.0117943910878097,0.0282251979825516,0.0145556913606363,"SOX4/CDKN1A/IRS2/PIK3R1/RPS6KA5/PIK3R3/PRKCE/GLS/RAF1/CDK6/IRS1/STAT3/MYC/BRCA1/SOCS1/MAPK7/VEGFA/MDM2/ROCK1/PDCD4/TGFB2/THBS1/PIM1/NOTCH3/MCL1/PIK3CD/NOTCH1/CASP3/TIMP3/ZFPM2/CYP24A1/PDGFRA/HDAC5/TNC/PIK3CA/MTOR/ABCC1/ZEB1/PTEN/RASSF1/TNXB/CCND2/EZH2/SPRY2/DNMT3A/TP53/HMOX1/FSCN1/PLAU/MAP2K1/PDGFRB/FOXP1/PTGS2/MET/BMF/BCL2L2/SOS2/PLCG2/TPM1/CDC25B/EFNA4/DDIT4/ABCB1/CRK/CDKN2A/ZEB2/VIM/MAPK3/NRAS/HRAS/BCL2L11/HDAC2/BCL2/IKBKB/DNMT3B/EGFR",76
"hsa05031","Human Diseases","Substance dependence","hsa05031","Amphetamine addiction","21/1774","69/9521",0.304347826086957,1.63342483211607,2.52688965737126,0.0119677498274093,0.0284438985624043,0.0146684749146329,"MAOA/CREB5/PPP1R1B/CREB3L1/PPP1CB/JUN/PRKACB/CAMK4/CREB3L2/GRIA3/CAMK2A/CALM1/CACNA1C/GRIN2A/MAOB/PPP1CA/GRIA1/HDAC2/ATF4/CREB1/CAMK2D",21
"hsa04911","Organismal Systems","Endocrine system","hsa04911","Insulin secretion","25/1774","86/9521",0.290697674418605,1.56016491439658,2.49702379484188,0.0120560727721339,0.0284588928702754,0.0146762074562318,"CCKAR/CREB5/ADCY1/CREB3L1/ATP1A2/ADCY4/TRPM4/PRKACB/PLCB1/ADCY8/CREB3L2/CAMK2A/ATP1A1/CACNA1C/ADCY3/PLCB4/ATP1B1/KCNMA1/RAPGEF4/GNAQ/ATF4/CREB1/CAMK2D/VAMP2/CCK",25
"hsa05216","Human Diseases","Cancer: specific types","hsa05216","Thyroid cancer","13/1774","37/9521",0.351351351351351,1.88569121545446,2.58294959122242,0.0129479012702642,0.0303575793296059,0.015655357154658,"CDKN1A/GADD45B/MYC/PPARG/TP53/MAP2K1/TPM3/TCF7L1/DDB2/MAPK3/NRAS/HRAS/GADD45G",13
"hsa05017","Human Diseases","Neurodegenerative disease","hsa05017","Spinocerebellar ataxia","38/1774","144/9521",0.263888888888889,1.41628303895779,2.40861012885792,0.0131126172478599,0.0305374374832711,0.0157481097289734,"FGF14/PIK3R1/PIK3R3/ATP2A2/ULK2/MAP3K5/WIPI1/RBPJ/MAPK10/PIK3CD/PLCB1/VDAC2/GRIA3/CIC/PSMC5/KCND3/PSMA5/ITPR2/PIK3CA/MTOR/SLC25A4/PLCB4/RORA/NFYA/ATXN1L/PSMD8/GRIN2A/WIPI2/ATXN2/ITPR1/ATXN1/PSMA7/GNAQ/GRIA1/PIK3C3/PSMD7/AKT3/PPIF",38
"hsa02010","Environmental Information Processing","Membrane transport","hsa02010","ABC transporters","15/1774","45/9521",0.333333333333333,1.78898910184141,2.5385939414656,0.0133434170952736,0.0308677715470663,0.0159184624996247,"ABCC9/ABCA6/ABCA10/ABCC6/ABCC1/ABCC3/ABCC4/ABCA7/ABCA4/ABCB1/ABCB4/ABCB5/ABCB9/ABCB10/ABCC5",15
"hsa04081","Environmental Information Processing","Signaling molecules and interaction","hsa04081","Hormone signaling","54/1774","219/9521",0.246575342465753,1.32336180136214,2.31660030563593,0.015039536002592,0.0345610529331089,0.0178230820525664,"CCKAR/IRS2/OXTR/ADCY1/PIK3R1/PIK3R3/LEP/ADRA1B/NPR3/PRKG2/IRS1/GNB4/STAT3/GNG2/ADCY4/SMAD1/AGT/STAT5A/PRKACB/PIK3CD/STAT5B/PLCB1/ADCY8/PRKG1/IGF1R/SLC16A2/ADRA2A/PIK3CA/JAK2/DIO2/ADCY3/MCHR1/GNB2/PLCB4/GNAI1/GNA12/RAMP3/THRB/RAPGEF4/GPER1/ADIPOR1/INSR/NPR1/ESR1/GNG5/BMPR1B/GNAQ/IGF1/GNRH1/HEPH/CCK/GNG11/ADIPOR2/SMAD9",54
"hsa01230","Metabolism","Global and overview maps","hsa01230","Biosynthesis of amino acids","22/1774","75/9521",0.293333333333333,1.57431040962044,2.38936145362213,0.016010869382949,0.0363122331757079,0.018726163020993,"CBS/LOC102724560/PHGDH/PSAT1/GLUL/ASNS/SHMT2/TKT/SHMT1/BCAT2/MAT2B/IDH2/GPT2/PKM/PYCR1/SDSL/ASS1/ALDH18A1/PYCR2/CTH/ASL/PRPS1",22
"hsa04918","Organismal Systems","Endocrine system","hsa04918","Thyroid hormone synthesis","22/1774","75/9521",0.293333333333333,1.57431040962044,2.38936145362213,0.016010869382949,0.0363122331757079,0.018726163020993,"GPX3/CREB5/ADCY1/CREB3L1/ATP1A2/GPX8/ADCY4/PRKACB/GSR/PLCB1/ADCY8/CREB3L2/ATP1A1/ITPR2/ADCY3/PLCB4/ATP1B1/GPX1/ITPR1/GNAQ/ATF4/CREB1",22
"hsa00380","Metabolism","Amino acid metabolism","hsa00380","Tryptophan metabolism","14/1774","42/9521",0.333333333333333,1.78898910184141,2.45212661964338,0.0165319549928959,0.0372505739125642,0.0192100639015195,"MAOA/ALDH3A2/DHTKD1/CAT/INMT/AOX1/ALDH1B1/KYAT1/MAOB/AADAT/GCDH/IL4I1/ALDH2/HAAO",14
"hsa00310","Metabolism","Amino acid metabolism","hsa00310","Lysine degradation","19/1774","63/9521",0.301587301587302,1.61860918738033,2.35730343779464,0.0180163941172193,0.0400749279402249,0.0206665789468777,"AASS/ALDH3A2/DHTKD1/EHMT2/ALDH1B1/EZH2/PLOD3/NSD2/SETMAR/EZH1/COLGALT1/AADAT/GCDH/PLOD2/ALDH2/DOT1L/KMT2A/PRDM2/KMT5A",19
"hsa05217","Human Diseases","Cancer: specific types","hsa05217","Basal cell carcinoma","19/1774","63/9521",0.301587301587302,1.61860918738033,2.35730343779464,0.0180163941172193,0.0400749279402249,0.0206665789468777,"WNT2/CDKN1A/FZD8/FZD6/GADD45B/SMO/AXIN2/FZD4/FZD5/GLI2/GLI3/SUFU/TP53/WNT5A/FZD7/DVL2/TCF7L1/DDB2/GADD45G",19
"hsa00480","Metabolism","Metabolism of other amino acids","hsa00480","Glutathione metabolism","18/1774","59/9521",0.305084745762712,1.63737985592265,2.34996487881765,0.018641498857162,0.0412012745441734,0.0212474341650522,"GPX3/GGT5/GCLM/ANPEP/GPX8/SRM/GSTM5/GSR/GSTO1/GSTA4/IDH2/PRDX6/GPX1/GPX4/GSTM3/GSTM2/GSS/G6PD",18
"hsa01040","Metabolism","Lipid metabolism","hsa01040","Biosynthesis of unsaturated fatty acids","10/1774","27/9521",0.37037037037037,1.98776566871268,2.45945963851753,0.0190023496983187,0.0417330085146619,0.0215216485590551,"SCD/HACD1/ELOVL1/ACOT2/ACOT1/HACD2/SCP2/ELOVL5/HACD4/HSD17B4",10
"hsa04621","Organismal Systems","Immune system","hsa04621","NOD-like receptor signaling pathway","47/1774","189/9521",0.248677248677249,1.33464266327851,2.22358301983544,0.0191328641047997,0.0417553700903491,0.0215331803893807,"MAP1LC3C/TP53BP1/P2RX7/NAMPT/JUN/MAPK10/PLCB1/VDAC2/TANK/MAP1LC3A/GABARAPL1/HSP90AA1/HSP90AB1/ITPR2/CASP1/NFKBIA/ERBIN/PLCB4/MAVS/TRAF3/GABARAPL2/IFI16/STING1/TNFAIP3/GBP3/MAPK11/ITPR1/MAPK14/PANX1/STAT1/CARD8/TRIP6/MAPK3/CARD6/CHUK/ANTXR2/DNM1L/OAS3/BCL2/IKBKB/DHX33/ATG16L1/NFKBIB/RELA/GBP4/TICAM1/CYBA",47
"hsa00410","Metabolism","Metabolism of other amino acids","hsa00410","beta-Alanine metabolism","11/1774","31/9521",0.354838709677419,1.90440775357312,2.41346231321804,0.0199028574875244,0.0428962207960929,0.0221215153506319,"ABAT/ACADS/ALDH6A1/ALDH3A2/SMOX/ALDH1B1/MLYCD/ALDH3B1/ALDH3A1/ALDH2/GADL1",11
"hsa04981","Organismal Systems","Digestive system","hsa04981","Folate transport and metabolism","11/1774","31/9521",0.354838709677419,1.90440775357312,2.41346231321804,0.0199028574875244,0.0428962207960929,0.0221215153506319,"SHMT2/FPGS/SHMT1/TYMS/ABCC1/ABCC3/ABCC4/FOLR3/MTHFD1/BHMT2/ABCC5",11
